source_row,program,degree_confer_date,outcome_raw,outcome_report,known_outcome,positive_outcome,employer_raw,employer_report,role_raw,role_report,school_raw,school_report,degree_raw,degree_report,location_raw,state_raw,state_report,has_linkedin,has_li_lookup_date,has_survey_timestamp,has_interaction,has_doc_review_signal,cleanup_flags
2,MS,2025-09-01 00:00:00,Working,Working,True,True,Fidelity,Fidelity Investments,Associate Software Engineer,Associate Software Engineer,,,,,,"=RIGHT(T2,2)",,True,False,True,False,False,working_missing_state
3,MS,2025-09-01 00:00:00,Working,Working,True,True,Dell,Dell,Senior Software Engineer,Senior Software Engineer,,,,,,"=RIGHT(T3,2)",,True,True,True,False,False,working_missing_state
4,MS,2025-09-01 00:00:00,Working,Working,True,True,Datadog,Datadog,Customer Success Sales Engineer,Customer Success Sales Engineer,,,,,,"=RIGHT(T4,2)",,True,True,True,True,True,working_missing_state
5,MS,2025-09-01 00:00:00,Working,Working,True,True,Wells Fargo,Wells Fargo,Associate,Associate,,,,,,"=RIGHT(T5,2)",,True,True,True,False,False,working_missing_state
6,MS,2025-09-01 00:00:00,Working,Working,True,True,Oracle,Oracle,Senior Software Engineer,Senior Software Engineer,,,,,,"=RIGHT(T6,2)",,True,True,True,False,False,working_missing_state
7,MS,2025-09-01 00:00:00,Working,Working,True,True,Lassie,Lassie,Engineer,Engineer,,,,,"San Francisco, CA",CA,CA,True,True,True,True,False,
8,MS,2025-09-01 00:00:00,Working,Working,True,True,,,Product Manager,Product Manager,,,,,"Houston, TX",TX,TX,True,True,True,False,False,working_missing_employer
9,MS,2025-09-01 00:00:00,Working,Working,True,True,,,,,,,,,,"=RIGHT(T9,2)",,True,True,True,False,False,working_missing_employer;working_missing_role;working_missing_state
10,MS,2025-09-01 00:00:00,Working,Working,True,True,,,,,,,,,,"=RIGHT(T10,2)",,True,True,True,True,False,working_missing_employer;working_missing_role;working_missing_state
11,MS,2026-05-01 00:00:00,Searching,Looking,True,False,,,,,,,,,,"=RIGHT(T11,2)",,True,False,True,True,True,
12,MS,2026-01-01 00:00:00,Working,Working,True,True,JPMorgan Chase,JPMorgan Chase,Senior Applied AI/ML Associate,Senior Applied AI/ML Associate,,,,,,"=RIGHT(T12,2)",,True,False,True,False,False,working_missing_state
13,MS,2026-01-01 00:00:00,Working,Working,True,True,MITRE,MITRE,Cybersecurity Engineer,Cybersecurity Engineer,,,,,"Bedford, MA",MA,MA,True,False,True,True,False,
14,MS,2026-01-01 00:00:00,Working,Working,True,True,Amazon,Amazon,,,,,,,,"=RIGHT(T14,2)",,True,True,True,False,False,working_missing_role;working_missing_state
15,MS,2026-01-01 00:00:00,Working,Working,True,True,Zocdoc,Zocdoc,Search ML Intern,Search ML Intern,,,,,,"=RIGHT(T15,2)",,True,False,True,True,False,working_missing_state
16,MS,2026-01-01 00:00:00,Working,Working,True,True,Autodesk,Autodesk,Software Engineering Intern,Software Engineer Intern,,,,,,"=RIGHT(T16,2)",,True,False,True,True,True,working_missing_state
17,MS,2026-01-01 00:00:00,Working,Working,True,True,Scalable AI,Scalable AI,Software Engineer,Software Engineer,,,,,,"=RIGHT(T17,2)",,True,False,True,True,False,working_missing_state
18,MS,2026-01-01 00:00:00,Working,Working,True,True,Mercury Insurance,Mercury Insurance,ML / Data Science Rotational Program,ML / Data Science Rotational Program,,,,,"Boston, MA",MA,MA,True,True,True,True,True,
19,MS,2026-01-01 00:00:00,Working,Working,True,True,Oracle,Oracle,Software Engineer Intern,Software Engineer Intern,,,,,,"=RIGHT(T19,2)",,True,False,True,True,True,working_missing_state
20,Undergraduate,2026-01-01 00:00:00,Searching,Looking,True,False,,,,,,,,,,"=RIGHT(T20,2)",,True,True,True,False,False,
21,Undergraduate,2026-05-01 00:00:00,Unknown,Unknown,False,False,#N/A,,#N/A,,,,#N/A,,#N/A,,,True,True,False,True,False,
22,MS,2026-01-01 00:00:00,Working,Working,True,True,Neuberger Berman,Neuberger Berman,Sr. Cloud Developer & VP,Sr. Cloud Developer & VP,,,,,,"=RIGHT(T22,2)",,True,True,True,False,False,working_missing_state
23,MS,2026-01-01 00:00:00,Working,Working,True,True,Intuit,Intuit,Software Engineer,Software Engineer,,,,,,"=RIGHT(T23,2)",,True,True,True,True,False,working_missing_state
24,MS,2026-01-01 00:00:00,Working,Working,True,True,PivotX Advisors,PivotX Advisors,Software Engineer,Software Engineer,,,,,,"=RIGHT(T24,2)",,True,False,True,True,True,working_missing_state
25,MS,2026-01-01 00:00:00,Working,Working,True,True,IntusCare,IntusCare,,,,,,,,"=RIGHT(T25,2)",,True,True,True,False,False,working_missing_role;working_missing_state
26,MS,2026-01-01 00:00:00,Working,Working,True,True,Raytheon,Raytheon,,,,,,,,"=RIGHT(T26,2)",,True,False,True,True,True,working_missing_role;working_missing_state
27,MS,2026-01-01 00:00:00,Working,Working,True,True,IBM,IBM,Software Engineer,Software Engineer,,,,,,"=RIGHT(T27,2)",,True,False,True,False,False,working_missing_state
28,Undergraduate,2026-02-01 00:00:00,Continuing Ed,Continuing Education,True,True,,,,,UMass Amherst Isenberg MSBA,UMass Amherst Isenberg MSBA,MSMS,MS,,"=RIGHT(T28,2)",,False,False,True,False,False,
29,Undergraduate,2026-01-01 00:00:00,Continuing Ed,Continuing Education,True,True,,,,,UMass,UMass Amherst,,,,"=RIGHT(T29,2)",,False,False,True,False,False,
30,Undergraduate,2026-01-01 00:00:00,Continuing Ed,Continuing Education,True,True,Apple,Apple,Software Engineer Intern,Software Engineer Intern,,,,,"Cupertino, CA",CA,CA,True,False,True,True,True,continuing_ed_missing_school
31,Undergraduate,2026-05-01 00:00:00,Unknown,Unknown,False,False,#N/A,,#N/A,,,,#N/A,,#N/A,,,True,True,False,True,True,
32,Undergraduate,2026-01-01 00:00:00,Continuing Ed,Continuing Education,True,True,,,,,The University of Texas at Dallas,University of Texas at Dallas,,,,"=RIGHT(T32,2)",,False,False,True,True,True,
33,MS,2026-01-01 00:00:00,Working,Working,True,True,Department of Defense,Department Of Defense,Unknown,,,,,,,"=RIGHT(T33,2)",,True,True,True,False,False,working_missing_role;working_missing_state
34,Undergraduate,2026-05-01 00:00:00,Working,Working,True,True,Mass General Brigham,Mass General Brigham,IT Technician,IT Technician,,,,,"Boston, MA",MA,MA,True,False,True,True,False,
35,MS,2026-01-01 00:00:00,Working,Working,True,True,Verisk,Verisk,,,,,,,,"=RIGHT(T35,2)",,True,True,True,True,False,working_missing_role;working_missing_state
36,MS,2026-05-01 00:00:00,Working,Working,True,True,Teradyne,Teradyne,ML Engineer,ML Engineer,,,,,"Boston, MA",MA,MA,True,False,True,False,False,
37,MS,2026-01-01 00:00:00,Working,Working,True,True,Bitcoin Unlimited,Bitcoin Unlimited,Software Developer,Software Developer,,,,,,"=RIGHT(T37,2)",,True,False,True,True,False,working_missing_state
38,Undergraduate,2026-01-01 00:00:00,Working,Working,True,True,LinkedIn,LinkedIn,,,,,,,,"=RIGHT(T38,2)",,False,False,True,True,False,working_missing_role;working_missing_state
39,Undergraduate,2026-02-01 00:00:00,Continuing Ed,Continuing Education,True,True,,,,,UMass Amherst,UMass Amherst,MSMS,MS,,"=RIGHT(T39,2)",,True,True,True,True,False,
40,Undergraduate,2026-01-01 00:00:00,Continuing Ed,Continuing Education,True,True,,,,,UMass Amherst Isenberg MSBA,UMass Amherst Isenberg MSBA,MSMS,MS,,"=RIGHT(T40,2)",,False,False,True,False,False,
41,Undergraduate,2026-01-01 00:00:00,Continuing Ed,Continuing Education,True,True,,,,,,,MSMS,MS,,"=RIGHT(T41,2)",,False,False,True,False,False,continuing_ed_missing_school
42,Undergraduate,2026-01-01 00:00:00,Continuing Ed,Continuing Education,True,True,,,,,UMass Amherst,UMass Amherst,,,,"=RIGHT(T42,2)",,False,False,True,True,True,
43,Undergraduate,2026-02-01 00:00:00,Continuing Ed,Continuing Education,True,True,,,,,,,,,,"=RIGHT(T43,2)",,False,False,True,True,False,continuing_ed_missing_school
44,MS,2026-01-01 00:00:00,Working,Working,True,True,Akamai,Akamai,Software Engineer,Software Engineer,,,,,San Jose,CA,CA,True,True,True,True,False,
45,Undergraduate,2026-01-01 00:00:00,Continuing Ed,Continuing Education,True,True,,,,,,,,,,"=RIGHT(T45,2)",,False,False,True,False,False,continuing_ed_missing_school
46,Undergraduate,2026-01-01 00:00:00,Continuing Ed,Continuing Education,True,True,,,,,UMass,UMass Amherst,MSMS,MS,,"=RIGHT(T46,2)",,False,False,True,True,False,
47,MS,2026-01-01 00:00:00,Working,Working,True,True,Google,Google,Machine Learning Engineer,Machine Learning Engineer,,,,,"Sunnyvale, CA",CA,CA,True,False,True,True,True,
48,MS,2026-01-01 00:00:00,Working,Working,True,True,Apple,Apple,Software Engineer - Cloud Storage,Software Engineer - Cloud Storage,,,,,"Cupertino, CA",CA,CA,True,True,True,True,True,
49,MS,2026-05-01 00:00:00,Working,Working,True,True,NVIDIA,NVIDIA,AI Solution Architect - Cloud,AI Solution Architect - Cloud,,,,,"Redmond, WA",WA,WA,True,True,True,True,True,
50,MS,2026-01-01 00:00:00,Working,Working,True,True,"Vorto, LLC","Vorto, LLC",Operations Manager,Operations Manager,,,,,Denver CO,CO,CO,True,False,True,False,False,
51,MS,2026-01-01 00:00:00,Working,Working,True,True,Chewy,Chewy,Software engineer,Software Engineer,,,,,"Boston, MA",MA,MA,True,True,True,False,True,
52,Undergraduate,2026-01-01 00:00:00,Searching,Looking,True,False,,,,,,,,,,"=RIGHT(T52,2)",,True,True,True,True,True,
53,Undergraduate,2026-01-01 00:00:00,Continuing Ed,Continuing Education,True,True,,,,,University of North Carolina - Chapel Hill,University Of North Carolina - Chapel Hill,MSMS,MS,,"=RIGHT(T53,2)",,False,False,True,True,True,
54,Undergraduate,2026-01-01 00:00:00,Continuing Ed,Continuing Education,True,True,,,,,UMass Amherst,UMass Amherst,MSMS,MS,,"=RIGHT(T54,2)",,False,False,True,True,True,
55,MS,2026-01-01 00:00:00,Working,Working,True,True,HPR (Hyannis Port Research),HPR (Hyannis Port Research),Software Engineer,Software Engineer,,,,,,MA,MA,True,True,True,False,False,
56,Undergraduate,2026-01-01 00:00:00,Continuing Ed,Continuing Education,True,True,,,,,,,,,,"=RIGHT(T56,2)",,False,False,True,False,False,continuing_ed_missing_school
57,MS,2026-01-01 00:00:00,Working,Working,True,True,WHOOP,WHOOP,,,,,,,"Boston, MA",MA,MA,True,False,True,True,False,working_missing_role
58,Undergraduate,2026-01-01 00:00:00,Continuing Ed,Continuing Education,True,True,,,,,Northeastern MS CS,Northeastern University,MSMS,MS,,"=RIGHT(T58,2)",,True,False,True,False,False,
59,Undergraduate,2026-01-01 00:00:00,Searching,Looking,True,False,,,,,,,,,,"=RIGHT(T59,2)",,True,True,True,False,False,
60,MS,2026-01-01 00:00:00,Not seeking,Not Seeking,True,False,,,,,,,,,,"=RIGHT(T60,2)",,False,True,True,False,False,
61,Undergraduate,2026-05-01 00:00:00,Searching,Looking,True,False,,,,,,,,,,"=RIGHT(T61,2)",,True,True,True,False,False,
62,MS,2026-05-01 00:00:00,Searching,Looking,True,False,,,,,,,,,,"=RIGHT(T62,2)",,True,True,True,True,True,
63,MS,2026-01-01 00:00:00,Working,Working,True,True,Cotiviti,Cotiviti,GenAI Scientist,GenAI Scientist,,,,,IL or MA,MA,MA,True,False,True,True,True,
64,MS,2026-01-01 00:00:00,Working,Working,True,True,Insulet,Insulet,Software QA,Software QA,,,,,"Boston, MA",MA,MA,True,True,True,True,True,
65,MS,2026-05-01 00:00:00,Searching,Looking,True,False,,,,,,,,,,"=RIGHT(T65,2)",,True,False,True,True,True,
66,MS,2026-05-01 00:00:00,Searching,Looking,True,False,,,,,,,,,,"=RIGHT(T66,2)",,True,False,True,False,False,
67,Undergraduate,2026-01-01 00:00:00,Working,Working,True,True,Newbury Residential Inc.,Newbury Residential Inc.,Software Engineer,Software Engineer,,,,,,"=RIGHT(T67,2)",,True,True,True,True,True,working_missing_state
68,MS,2026-01-01 00:00:00,Working,Working,True,True,Geico,Geico,Pricing Analyst,Pricing Analyst,,,,,"Bethesda, MD",MD,MD,True,False,True,True,False,
69,MS,2026-05-01 00:00:00,Searching,Looking,True,False,,,,,,,,,,"=RIGHT(T69,2)",,True,False,True,True,True,
70,MS,2026-05-01 00:00:00,Searching,Looking,True,False,,,,,,,,,,"=RIGHT(T70,2)",,True,False,True,True,False,
71,MS,2026-05-01 00:00:00,Searching,Looking,True,False,,,,,,,,,,"=RIGHT(T71,2)",,True,False,True,True,False,
72,MS,2026-05-01 00:00:00,Searching,Looking,True,False,,,,,,,,,,"=RIGHT(T72,2)",,True,True,True,True,False,
73,Undergraduate,2025-09-01 00:00:00,Working,Working,True,True,pfizer,Pfizer,Data Analyst? Liz is filling this out,Data Analyst,,,,,Andover MA,MA,MA,False,True,True,False,False,
74,Undergraduate,2026-01-01 00:00:00,Continuing Ed,Continuing Education,True,True,,,,,,,MSMS,MS,,"=RIGHT(T74,2)",,False,False,True,True,False,continuing_ed_missing_school
75,Undergraduate,2026-01-01 00:00:00,Continuing Ed,Continuing Education,True,True,,,,,CICS,UMass Amherst,MSMS,MS,,"=RIGHT(T75,2)",,False,False,True,True,True,
76,MS,2026-05-01 00:00:00,Searching,Looking,True,False,,,,,,,,,,"=RIGHT(T76,2)",,True,False,True,True,False,
77,Undergraduate,2026-01-01 00:00:00,Continuing Ed,Continuing Education,True,True,,,,,CICS,UMass Amherst,MSMS,MS,,"=RIGHT(T77,2)",,False,False,True,True,False,
78,Undergraduate,2026-01-01 00:00:00,Continuing Ed,Continuing Education,True,True,,,,,CICS,UMass Amherst,MSMS,MS,,"=RIGHT(T78,2)",,False,False,True,False,False,
79,Undergraduate,2026-01-01 00:00:00,Continuing Ed,Continuing Education,True,True,,,,,CICS,UMass Amherst,MSMS,MS,,"=RIGHT(T79,2)",,False,False,True,True,True,
80,MS,2026-05-01 00:00:00,Searching,Looking,True,False,,,,,,,,,,"=RIGHT(T80,2)",,True,False,True,True,False,
81,Undergraduate,2026-05-01 00:00:00,Searching,Looking,True,False,#N/A,,#N/A,,,,#N/A,,#N/A,,,True,False,False,True,True,
82,Undergraduate,2026-01-01 00:00:00,Continuing Ed,Continuing Education,True,True,,,,,,,,,,"=RIGHT(T82,2)",,True,False,True,False,False,continuing_ed_missing_school
83,Undergraduate,2026-01-01 00:00:00,Continuing Ed,Continuing Education,True,True,,,,,,,,,,"=RIGHT(T83,2)",,False,False,True,False,False,continuing_ed_missing_school
84,Undergraduate,2026-01-01 00:00:00,Working,Working,True,True,Orthopaedic Surgical Associates,Orthopaedic Surgical Associates,Physical Therapy Technician,Physical Therapy Technician,,,,,,"=RIGHT(T84,2)",,False,False,True,True,True,working_missing_state
85,Undergraduate,2026-01-01 00:00:00,Continuing Ed,Continuing Education,True,True,,,,,,,,,,"=RIGHT(T85,2)",,False,False,True,False,False,continuing_ed_missing_school
86,Undergraduate,2026-05-01 00:00:00,Unknown,Unknown,False,False,#N/A,,#N/A,,,,#N/A,,#N/A,,,True,True,False,True,True,
87,MS,2026-05-01 00:00:00,Searching,Looking,True,False,,,,,,,,,,"=RIGHT(T87,2)",,True,False,True,False,True,
88,MS,2026-05-01 00:00:00,Searching,Looking,True,False,,,,,,,,,,"=RIGHT(T88,2)",,True,False,True,True,True,
89,Undergraduate,2026-01-01 00:00:00,Continuing Ed,Continuing Education,True,True,,,,,,,MSMS,MS,,"=RIGHT(T89,2)",,False,False,True,True,True,continuing_ed_missing_school
90,Undergraduate,2026-01-01 00:00:00,Continuing Ed,Continuing Education,True,True,,,,,,,,,,"=RIGHT(T90,2)",,False,False,True,True,True,continuing_ed_missing_school
91,Undergraduate,2026-01-01 00:00:00,Continuing Ed,Continuing Education,True,True,,,,,UMass Amherst,UMass Amherst,MSMS,MS,,"=RIGHT(T91,2)",,False,False,True,True,True,
92,Undergraduate,2026-05-01 00:00:00,Unknown,Unknown,False,False,#N/A,,#N/A,,,,#N/A,,#N/A,,,True,True,False,False,False,
93,MS,2026-05-01 00:00:00,Searching,Looking,True,False,,,,,,,,,,"=RIGHT(T93,2)",,True,False,True,True,True,
94,MS,2026-05-01 00:00:00,Searching,Looking,True,False,,,,,,,,,,"=RIGHT(T94,2)",,True,False,True,False,False,
95,Undergraduate,2026-05-01 00:00:00,Searching,Looking,True,False,,,,,,,,,,"=RIGHT(T95,2)",,False,True,True,False,False,
96,MS,2026-05-01 00:00:00,Searching,Looking,True,False,,,,,,,,,,"=RIGHT(T96,2)",,True,False,True,True,True,
97,Undergraduate,2026-01-01 00:00:00,Working,Working,True,True,HealMint AI,HealMint AI,Full Stack Software Engineer,Full Stack Software Engineer,,,,,"Mountain View, CA",CA,CA,False,False,True,True,True,
98,MS,2026-05-01 00:00:00,Searching,Looking,True,False,,,,,,,,,,"=RIGHT(T98,2)",,True,False,True,True,False,
99,Undergraduate,2026-05-01 00:00:00,Searching,Looking,True,False,,,,,,,,,,"=RIGHT(T99,2)",,True,False,True,False,False,
100,Undergraduate,2026-05-01 00:00:00,Unknown,Unknown,False,False,#N/A,,#N/A,,,,#N/A,,#N/A,,,True,True,False,False,False,
101,Undergraduate,2026-02-01 00:00:00,Continuing Ed,Continuing Education,True,True,,,,,UMass Amherst,UMass Amherst,MSMS,MS,,"=RIGHT(T101,2)",,True,False,True,True,False,
102,Undergraduate,2026-02-01 00:00:00,Working,Working,True,True,Variantyx,Variantyx,IT Service Desk Technician,IT Service Desk Technician,,,,,"Framingham, MA",MA,MA,True,False,True,True,False,
103,Undergraduate,2026-05-01 00:00:00,Unknown,Unknown,False,False,#N/A,,#N/A,,,,#N/A,,#N/A,,,True,True,False,True,False,
104,Undergraduate,2026-05-01 00:00:00,Unknown,Unknown,False,False,#N/A,,#N/A,,,,#N/A,,#N/A,,,True,True,False,False,True,
105,MS,2026-05-01 00:00:00,Searching,Looking,True,False,,,,,,,,,,"=RIGHT(T105,2)",,False,False,True,False,False,
106,Undergraduate,2026-05-01 00:00:00,Continuing Ed,Continuing Education,True,True,,,,,,,MSMS,MS,,"=RIGHT(T106,2)",,True,True,True,False,False,continuing_ed_missing_school
107,Undergraduate,2026-05-01 00:00:00,Unknown,Unknown,False,False,#N/A,,#N/A,,,,#N/A,,#N/A,,,True,True,False,True,False,
108,Undergraduate,2026-05-01 00:00:00,Continuing Ed,Continuing Education,True,True,,,,,Masters in Business Analytics,Masters In Business Analytics,MSMS,MS,,"=RIGHT(T108,2)",,True,True,True,False,False,
109,Undergraduate,2026-05-01 00:00:00,Unknown,Unknown,False,False,#N/A,,#N/A,,,,#N/A,,#N/A,,,True,True,False,False,False,
110,MS,2026-05-01 00:00:00,Searching,Looking,True,False,,,,,,,,,,ME,ME,True,True,True,False,False,
111,Undergraduate,2026-05-01 00:00:00,Working,Working,True,True,Liberty Mutual,Liberty Mutual,Software Engineer,Software Engineer,,,,,,"=RIGHT(T111,2)",,True,False,True,True,False,working_missing_state
112,Undergraduate,2026-05-01 00:00:00,Searching,Looking,True,False,#N/A,,#N/A,,,,#N/A,,#N/A,,,True,True,False,True,True,
113,Undergraduate,2025-09-01 00:00:00,Unknown,Unknown,False,False,#N/A,,#N/A,,,,#N/A,,#N/A,,,False,True,False,False,False,
114,Undergraduate,2026-05-01 00:00:00,Continuing Ed,Continuing Education,True,True,,,,,,,MSMS,MS,,"=RIGHT(T114,2)",,True,True,True,True,False,continuing_ed_missing_school
115,Undergraduate,2026-05-01 00:00:00,Continuing Ed,Continuing Education,True,True,,,,,,,MSMS,MS,,"=RIGHT(T115,2)",,True,True,True,True,False,continuing_ed_missing_school
116,MS,2026-05-01 00:00:00,Searching,Looking,True,False,,,,,,,,,,"=RIGHT(T116,2)",,False,False,True,True,True,
117,Undergraduate,2026-01-01 00:00:00,Unknown,Unknown,False,False,#N/A,,#N/A,,,,#N/A,,#N/A,,,True,True,False,False,False,
118,MS,2026-05-01 00:00:00,Searching,Looking,True,False,,,,,,,,,,"=RIGHT(T118,2)",,False,False,True,True,False,
119,MS,2026-05-01 00:00:00,Searching,Looking,True,False,,,,,,,,,,"=RIGHT(T119,2)",,False,False,True,False,False,
120,Undergraduate,2026-05-01 00:00:00,Continuing Ed,Continuing Education,True,True,,,,,,,MSMS,MS,,"=RIGHT(T120,2)",,True,True,True,True,False,continuing_ed_missing_school
121,Undergraduate,2026-05-01 00:00:00,Searching,Looking,True,False,#N/A,,#N/A,,,,#N/A,,#N/A,,,True,False,False,True,True,
122,Undergraduate,2026-01-01 00:00:00,Unknown,Unknown,False,False,#N/A,,#N/A,,,,#N/A,,#N/A,,,True,True,False,True,True,
123,MS,2026-05-01 00:00:00,Searching,Looking,True,False,,,,,,,,,,"=RIGHT(T123,2)",,False,False,True,True,True,
124,MS,2026-01-01 00:00:00,Unknown,Unknown,False,False,#N/A,,#N/A,,,,,,#N/A,,,True,False,False,False,False,
125,MS,2026-01-01 00:00:00,Unknown,Unknown,False,False,#N/A,,#N/A,,,,,,#N/A,,,False,False,False,False,False,
126,MS,2026-05-01 00:00:00,Searching,Looking,True,False,,,,,,,,,,"=RIGHT(T126,2)",,False,False,True,True,False,
127,MS,2026-01-01 00:00:00,Unknown,Unknown,False,False,#N/A,,#N/A,,,,,,#N/A,,,True,True,False,False,False,
128,Undergraduate,2026-05-01 00:00:00,Working,Working,True,True,Capital One,Capital One,Software Engineer,Software Engineer,,,,,"New York, NY",NY,NY,True,True,True,False,False,
129,Undergraduate,2026-05-01 00:00:00,Searching,Looking,True,False,#N/A,,#N/A,,,,#N/A,,#N/A,,,True,True,False,True,True,
130,Undergraduate,2026-05-01 00:00:00,Continuing Ed,Continuing Education,True,True,,,,,,,MSMS,MS,,"=RIGHT(T130,2)",,True,True,True,True,False,continuing_ed_missing_school
131,MS,2026-05-01 00:00:00,Searching,Looking,True,False,,,,,,,,,,"=RIGHT(T131,2)",,False,False,True,False,True,
132,MS,2026-01-01 00:00:00,Continuing Ed,Continuing Education,True,True,,,,,,,,,,"=RIGHT(T132,2)",,True,True,True,False,False,continuing_ed_missing_school
133,Undergraduate,2026-05-01 00:00:00,Working,Working,True,True,Trail of Bits,Trail Of Bits,"Security Engineer, Research","Security Engineer, Research",,,,,,"=RIGHT(T133,2)",,True,True,True,False,False,working_missing_state
134,PhD,2026-01-01 00:00:00,Unknown,Unknown,False,False,#N/A,,#N/A,,,,,,#N/A,,,True,True,False,False,False,
135,MS,2026-01-01 00:00:00,Working,Working,True,True,Persistent Systems,Persistent Systems,Senior Software Engineer,Senior Software Engineer,,,,,"Minneapolis ,MN",MN,MN,True,False,True,True,True,
136,Undergraduate,2025-09-01 00:00:00,Working,Working,True,True,Capital One,Capital One,Software Engineer,Software Engineer,,,,,,"=RIGHT(T136,2)",,True,True,True,False,False,working_missing_state
137,PhD,2025-09-01 00:00:00,Working,Working,True,True,Princeton,Princeton,Postdoctoral researcher,Postdoctoral Researcher,,,,,,"=RIGHT(T137,2)",,True,True,True,False,False,working_missing_state
138,MS,2026-05-01 00:00:00,Searching,Looking,True,False,,,,,,,,,,"=RIGHT(T138,2)",,False,False,True,False,False,
139,Undergraduate,2025-09-01 00:00:00,Working,Working,True,True,New England Money Handling Systems Inc.,New England Money Handling Systems Inc.,Technical Support Associate,Technical Support Associate,,,,,"Hopkinton, MA",MA,MA,True,True,True,False,False,
140,PhD,2025-09-01 00:00:00,Working,Working,True,True,Foundation EGI,Foundation EGI,Research Engineer,Research Engineer,,,,,,"=RIGHT(T140,2)",,True,False,True,False,False,working_missing_state
141,Undergraduate,2025-09-01 00:00:00,Working,Working,True,True,Fidelity,Fidelity Investments,Financial Customer Associate,Financial Customer Associate,,,,,,"=RIGHT(T141,2)",,True,False,True,False,False,working_missing_state
142,Undergraduate,2025-09-01 00:00:00,Working,Working,True,True,,,,,,,,,,"=RIGHT(T142,2)",,True,True,True,False,False,working_missing_employer;working_missing_role;working_missing_state
143,MS,2026-01-01 00:00:00,Working,Working,True,True,Loman AI,Loman AI,Software Engineer,Software Engineer,,,,,Austin,TX,TX,True,True,True,True,False,
144,Undergraduate,2025-09-01 00:00:00,Working,Working,True,True,,,,,,,,,,"=RIGHT(T144,2)",,True,True,True,True,False,working_missing_employer;working_missing_role;working_missing_state
145,MS,2026-05-01 00:00:00,Searching,Looking,True,False,,,,,,,,,,"=RIGHT(T145,2)",,False,False,True,True,True,
146,Undergraduate,2025-09-01 00:00:00,Working,Working,True,True,,,,,,,,,,"=RIGHT(T146,2)",,True,True,True,False,False,working_missing_employer;working_missing_role;working_missing_state
147,Undergraduate,2025-09-01 00:00:00,Working,Working,True,True,United States Air Force,United States Air Force,Full Stack Developer,Full Stack Developer,,,,,,"=RIGHT(T147,2)",,True,False,True,True,False,working_missing_state
148,PhD,2025-09-01 00:00:00,Working,Working,True,True,Amazon,Amazon,Applied Scientist II,Applied Scientist II,,,,,,"=RIGHT(T148,2)",,True,False,True,True,True,working_missing_state
149,PhD,2025-09-01 00:00:00,Working,Working,True,True,Amazon,Amazon,Applied Scientist II,Applied Scientist II,,,,,,"=RIGHT(T149,2)",,True,False,True,False,False,working_missing_state
150,PhD,2025-09-01 00:00:00,Working,Working,True,True,Meta,Meta,Research Scientist,Research Scientist,,,,,,"=RIGHT(T150,2)",,True,False,True,True,False,working_missing_state
151,PhD,2025-09-01 00:00:00,Working,Working,True,True,Stripe,Stripe,Machine Learning Engineer,Machine Learning Engineer,,,,,,"=RIGHT(T151,2)",,True,False,True,False,False,working_missing_state
152,PhD,2025-09-01 00:00:00,Working,Working,True,True,Youngstown State University,Youngstown State University,Assistant Professor,Assistant Professor,,,,,,"=RIGHT(T152,2)",,True,False,True,False,False,working_missing_state
153,PhD,2025-09-01 00:00:00,Working,Working,True,True,,,,,,,,,,"=RIGHT(T153,2)",,True,True,True,False,False,working_missing_employer;working_missing_role;working_missing_state
154,Undergraduate,2025-09-01 00:00:00,Working,Working,True,True,Education Strategy Consulting (https://escmatrix.com/),Education Strategy Consulting (https://escmatrix.com/),Data Analyst,Data Analyst,,,,,"Newbury, MA",MA,MA,False,False,True,True,True,
155,MS,2026-01-01 00:00:00,Working,Working,True,True,Amazon,Amazon,Data Engineer,Data Engineer,,,,,"Seattle, WA",WA,WA,True,False,True,True,True,
156,Undergraduate,2025-09-01 00:00:00,Continuing Ed,Continuing Education,True,True,,,,,Boston University,Boston University,MSMS,MS,,"=RIGHT(T156,2)",,True,True,True,True,True,
157,MS,2026-05-01 00:00:00,Searching,Looking,True,False,,,,,,,,,,"=RIGHT(T157,2)",,False,False,True,False,False,
158,Undergraduate,2025-09-01 00:00:00,Working,Working,True,True,UKG,UKG,Software Engineer,Software Engineer,,,,,"Lowell, MA",MA,MA,True,True,True,False,False,
159,PhD,2025-09-01 00:00:00,Working,Working,True,True,Stonehill College,Stonehill College,Assistant Professor,Assistant Professor,,,,,,"=RIGHT(T159,2)",,True,True,True,True,False,working_missing_state
160,PhD,2025-09-01 00:00:00,Working,Working,True,True,Meta,Meta,Research Scientist,Research Scientist,,,,,"Bellevue, WA",WA,WA,True,True,True,True,True,
161,Undergraduate,2025-09-01 00:00:00,Continuing Ed,Continuing Education,True,True,,,,,Georgia Institute of Technology,Georgia Institute of Technology,MSMS,MS,,"=RIGHT(T161,2)",,True,True,True,True,True,
162,PhD,2025-09-01 00:00:00,Working,Working,True,True,Penn State University,Penn State University,Postdoctoral Scholar,Postdoctoral Scholar,,,,,,"=RIGHT(T162,2)",,True,True,True,False,False,working_missing_state
163,MS,2026-01-01 00:00:00,Working,Working,True,True,Handshake,Handshake,AI Trainer & AI Coding Model Evaluator (Contract),AI Trainer & AI Coding Model Evaluator (Contract),,,,,,"=RIGHT(T163,2)",,True,True,True,True,True,working_missing_state
164,Undergraduate,2025-09-01 00:00:00,Continuing Ed,Continuing Education,True,True,,,,,Duke University,Duke University,MSMS,MS,,"=RIGHT(T164,2)",,False,False,True,True,True,
165,Undergraduate,2025-09-01 00:00:00,Continuing Ed,Continuing Education,True,True,,,,,UMass Graduate School,UMass Amherst,MSMS,MS,,"=RIGHT(T165,2)",,True,False,True,False,False,
166,PhD,2025-09-01 00:00:00,Working,Working,True,True,Meta,Meta,Research Scientist,Research Scientist,,,,,"Menlo Park, CA",CA,CA,False,False,True,False,False,
167,Undergraduate,2025-09-01 00:00:00,Working,Working,True,True,Liberty Mutual,Liberty Mutual,Software Engineer,Software Engineer,,,,,"Portsmouth, NH",NH,NH,False,False,True,True,False,
168,MS,2026-05-01 00:00:00,Searching,Looking,True,False,,,,,,,,,,"=RIGHT(T168,2)",,False,False,True,True,True,
169,PhD,2025-09-01 00:00:00,Working,Working,True,True,Amazon,Amazon,,,,,,,,"=RIGHT(T169,2)",,True,False,True,False,False,working_missing_role;working_missing_state
170,PhD,2026-01-01 00:00:00,Unknown,Unknown,False,False,#N/A,,#N/A,,,,,,#N/A,,,True,True,False,True,False,
171,MS,2026-01-01 00:00:00,Working,Working,True,True,Self-employed,Self-employed,Uniswap Hook Incubator Program,Uniswap Hook Incubator Program,,,,,,"=RIGHT(T171,2)",,True,True,True,False,False,working_missing_state
172,Undergraduate,2026-05-01 00:00:00,Continuing Ed,Continuing Education,True,True,,,,,Columbia,Columbia University,MSMS,MS,,"=RIGHT(T172,2)",,True,True,True,False,False,
173,Undergraduate,2026-01-01 00:00:00,Unknown,Unknown,False,False,#N/A,,#N/A,,,,#N/A,,#N/A,,,True,True,False,False,False,
174,MS,2026-05-01 00:00:00,Searching,Looking,True,False,,,,,,,,,,"=RIGHT(T174,2)",,False,False,True,False,False,
175,Undergraduate,2026-01-01 00:00:00,Unknown,Unknown,False,False,#N/A,,#N/A,,,,#N/A,,#N/A,,,True,True,False,False,False,
176,Undergraduate,2026-01-01 00:00:00,Working,Working,True,True,Summer Intern,Summer Intern,Sales Slicer,Sales Slicer,,,,,,"=RIGHT(T176,2)",,True,True,True,False,False,working_missing_state
177,MS,2026-05-01 00:00:00,Searching,Looking,True,False,,,,,,,,,,"=RIGHT(T177,2)",,False,False,True,True,True,
178,Undergraduate,2026-05-01 00:00:00,Unknown,Unknown,False,False,#N/A,,#N/A,,#N/A,,#N/A,,#N/A,,,True,True,False,False,False,
179,Undergraduate,2026-05-01 00:00:00,Unknown,Unknown,False,False,#N/A,,#N/A,,#N/A,,#N/A,,#N/A,,,True,True,False,False,False,
180,Undergraduate,2026-01-01 00:00:00,Working,Working,True,True,#N/A,,#N/A,,,,#N/A,,#N/A,,,False,True,False,False,False,working_missing_employer;working_missing_role;working_missing_state
181,Undergraduate,2026-05-01 00:00:00,Unknown,Unknown,False,False,#N/A,,#N/A,,#N/A,,#N/A,,#N/A,,,True,True,False,False,False,
182,Undergraduate,2026-05-01 00:00:00,Unknown,Unknown,False,False,#N/A,,#N/A,,#N/A,,#N/A,,#N/A,,,True,True,False,False,False,
183,Undergraduate,2026-05-01 00:00:00,Unknown,Unknown,False,False,#N/A,,#N/A,,#N/A,,#N/A,,#N/A,,,True,True,False,False,False,
184,Undergraduate,2026-05-01 00:00:00,Unknown,Unknown,False,False,#N/A,,#N/A,,#N/A,,#N/A,,#N/A,,,True,True,False,False,False,
185,Undergraduate,2026-01-01 00:00:00,Searching,Looking,True,False,#N/A,,#N/A,,,,#N/A,,#N/A,,,True,True,False,True,False,
186,Undergraduate,2026-01-01 00:00:00,Continuing Ed,Continuing Education,True,True,,,,,,,MSMS,MS,,"=RIGHT(T186,2)",,True,True,True,False,False,continuing_ed_missing_school
187,Undergraduate,2026-05-01 00:00:00,Unknown,Unknown,False,False,#N/A,,#N/A,,#N/A,,#N/A,,#N/A,,,False,False,False,True,False,
188,Undergraduate,2026-01-01 00:00:00,Working,Working,True,True,Checkwriters,Checkwriters,Junior Software Engineer,Junior Software Engineer,,,,,"Northampton, MA",MA,MA,True,True,True,True,True,
189,Undergraduate,2026-05-01 00:00:00,Unknown,Unknown,False,False,#N/A,,#N/A,,#N/A,,#N/A,,#N/A,,,True,True,False,False,False,
190,Undergraduate,2026-01-01 00:00:00,Continuing Ed,Continuing Education,True,True,,,,,,,MSMS,MS,,"=RIGHT(T190,2)",,True,True,True,True,False,continuing_ed_missing_school
191,Undergraduate,2026-05-01 00:00:00,Continuing Ed,Continuing Education,True,True,,,,,UMass Amherst,UMass Amherst,MSMS,MS,,"=RIGHT(T191,2)",,True,True,True,True,False,
192,Undergraduate,2026-01-01 00:00:00,Working,Working,True,True,Wayfair,Wayfair,Software Engineer,Software Engineer,,,,,"Boston, MA",MA,MA,True,True,True,False,False,
193,Undergraduate,2026-01-01 00:00:00,Working,Working,True,True,Travelers,Travelers,Software Engineer,Software Engineer,,,,,,"=RIGHT(T193,2)",,True,True,True,True,False,working_missing_state
194,Undergraduate,2026-01-01 00:00:00,Working,Working,True,True,CVS Aetna,CVS Aetna,Actuarial Analyst,Actuarial Analyst,,,,,"Hartford, CT",CT,CT,True,True,True,True,False,
195,Undergraduate,2026-05-01 00:00:00,Searching,Looking,True,False,,,,,,,,,,"=RIGHT(T195,2)",,True,False,True,False,False,
196,PhD,2026-01-01 00:00:00,Continuing Ed,Continuing Education,True,True,Toyota Research Institute,Toyota Research Institute,,,,,,,,"=RIGHT(T196,2)",,True,False,True,False,False,continuing_ed_missing_school
197,Undergraduate,2026-05-01 00:00:00,Working,Working,True,True,Laminar Collective,Laminar Collective,Operations and Systems Design Intern,Operations And Systems Design Intern,,,,,"Somerville, MA",MA,MA,True,False,True,False,False,
198,Undergraduate,2026-05-01 00:00:00,Continuing Ed,Continuing Education,True,True,,,,,UIUC,University of Illinois Urbana-Champaign,MSMS,MS,,"=RIGHT(T198,2)",,True,True,True,False,False,
199,Undergraduate,2026-05-01 00:00:00,Searching,Looking,True,False,,,,,,,,,,"=RIGHT(T199,2)",,False,False,True,False,False,
200,PhD,2026-01-01 00:00:00,Continuing Ed,Continuing Education,True,True,Amazon Inc,Amazon,,,,,,,,"=RIGHT(T200,2)",,True,False,True,False,False,continuing_ed_missing_school
201,Undergraduate,2026-05-01 00:00:00,Searching,Looking,True,False,,,,,,,,,,"=RIGHT(T201,2)",,True,True,True,False,False,
202,Undergraduate,2026-05-01 00:00:00,Searching,Looking,True,False,,,,,,,,,,"=RIGHT(T202,2)",,True,True,True,False,False,
203,Undergraduate,2026-05-01 00:00:00,Searching,Looking,True,False,,,,,,,,,,"=RIGHT(T203,2)",,True,True,True,False,True,
204,MS,2026-05-01 00:00:00,Searching,Looking,True,False,,,,,,,,,,"=RIGHT(T204,2)",,True,True,True,True,True,
205,MS,2026-05-01 00:00:00,Searching,Looking,True,False,,,,,,,,,,"=RIGHT(T205,2)",,False,False,True,True,True,
206,PhD,2026-01-01 00:00:00,Continuing Ed,Continuing Education,True,True,Apple,Apple,ML Engineer,ML Engineer,,,,,"Cupertino, CA",CA,CA,True,False,True,False,False,continuing_ed_missing_school
207,MS,2026-05-01 00:00:00,Searching,Looking,True,False,,,,,,,,,,"=RIGHT(T207,2)",,True,True,True,True,True,
208,MS,2026-05-01 00:00:00,Searching,Looking,True,False,,,,,,,,,,"=RIGHT(T208,2)",,False,False,True,False,False,
209,MS,2026-05-01 00:00:00,Searching,Looking,True,False,,,,,,,,,,"=RIGHT(T209,2)",,True,True,True,True,True,
210,PhD,2026-01-01 00:00:00,Working,Working,True,True,Fortranix,Fortranix,,,,,,,,"=RIGHT(T210,2)",,True,True,True,True,False,working_missing_role;working_missing_state
211,MS,2026-01-01 00:00:00,Working,Working,True,True,,,Forward Deployed Engineer,Forward Deployed Engineer,,,,,"San Jose, CA",CA,CA,True,False,True,True,True,working_missing_employer
212,Undergraduate,2026-05-01 00:00:00,Searching,Looking,True,False,,,,,,,,,,"=RIGHT(T212,2)",,True,False,True,True,True,
213,MS,2026-05-01 00:00:00,Searching,Looking,True,False,,,,,,,,,,"=RIGHT(T213,2)",,False,False,True,True,True,
214,Undergraduate,2026-05-01 00:00:00,Searching,Looking,True,False,,,,,,,,,,"=RIGHT(T214,2)",,True,False,True,False,False,
215,Undergraduate,2026-05-01 00:00:00,Searching,Looking,True,False,,,,,,,,,,"=RIGHT(T215,2)",,True,True,True,False,False,
216,Undergraduate,2026-05-01 00:00:00,Searching,Looking,True,False,,,,,,,,,,"=RIGHT(T216,2)",,True,False,True,False,False,
217,Undergraduate,2026-01-01 00:00:00,Continuing Ed,Continuing Education,True,True,,,,,,,,,,"=RIGHT(T217,2)",,True,True,True,True,True,continuing_ed_missing_school
218,Undergraduate,2026-05-01 00:00:00,Searching,Looking,True,False,,,,,,,,,,"=RIGHT(T218,2)",,True,True,True,False,False,
219,MS,2026-05-01 00:00:00,Working,Working,True,True,Saviynt,Saviynt,AI Scientist,AI Scientist,,,,,"Milpitas, CA",CA,CA,True,False,True,True,True,
220,PhD,2026-01-01 00:00:00,Working,Working,True,True,Meta,Meta,Research Scientist,Research Scientist,,,,,"Menlo Park, CA",CA,CA,True,True,True,False,False,
221,Undergraduate,2026-01-01 00:00:00,Continuing Ed,Continuing Education,True,True,Fidelity,Fidelity Investments,Software Engineering Intern,Software Engineer Intern,,,,,"Boston, MA",MA,MA,True,True,True,True,True,continuing_ed_missing_school
222,Undergraduate,2026-01-01 00:00:00,Continuing Ed,Continuing Education,True,True,,,,,UMass Amherst,UMass Amherst,MSMS,MS,,"=RIGHT(T222,2)",,True,False,True,True,True,
223,Undergraduate,2026-05-01 00:00:00,Searching,Looking,True,False,,,,,,,,,,"=RIGHT(T223,2)",,False,False,True,True,True,
224,Undergraduate,2026-05-01 00:00:00,Searching,Looking,True,False,,,,,,,,,,"=RIGHT(T224,2)",,True,True,True,False,False,
225,Undergraduate,2026-05-01 00:00:00,Working,Working,True,True,Citizens Bank,Citizens Bank,Software Engineer,Software Engineer,,,,,"Westwood, MA",MA,MA,True,False,True,True,False,
226,Undergraduate,2026-05-01 00:00:00,Unknown,Unknown,False,False,#N/A,,#N/A,,#N/A,,#N/A,,#N/A,,,True,True,False,True,False,
227,PhD,2026-01-01 00:00:00,Continuing Ed,Continuing Education,True,True,,,,,UMass Amherst,UMass Amherst,,,,"=RIGHT(T227,2)",,True,False,True,False,False,
228,MS,2026-05-01 00:00:00,Working,Working,True,True,Niron,Niron,AI engineer,AI Engineer,,,,,Minnesota,MN,MN,True,False,True,True,True,
229,Undergraduate,2026-05-01 00:00:00,Searching,Looking,True,False,,,,,,,,,,"=RIGHT(T229,2)",,True,True,True,False,False,
230,Undergraduate,2026-05-01 00:00:00,Unknown,Unknown,False,False,#N/A,,#N/A,,#N/A,,#N/A,,#N/A,,,True,True,False,False,False,
231,Undergraduate,2026-05-01 00:00:00,Working,Working,True,True,Burlington Stores,Burlington Stores,Allocation Analyst,Allocation Analyst,,,,,"Burlington, NJ",NJ,NJ,True,False,True,True,True,
232,Undergraduate,2026-05-01 00:00:00,Continuing Ed,Continuing Education,True,True,,,,,"Manning CICS, UMass Amherst",UMass Amherst,MSMS,MS,,"=RIGHT(T232,2)",,True,True,True,False,False,
233,Undergraduate,2026-05-01 00:00:00,Searching,Looking,True,False,#N/A,,#N/A,,#N/A,,#N/A,,#N/A,,,False,True,False,False,False,
234,Undergraduate,2026-05-01 00:00:00,Searching,Looking,True,False,#N/A,,#N/A,,#N/A,,#N/A,,#N/A,,,True,True,False,True,True,
235,Undergraduate,2026-05-01 00:00:00,Continuing Ed,Continuing Education,True,True,,,,,UMass CICS,UMass Amherst,MSMS,MS,,"=RIGHT(T235,2)",,True,True,True,True,True,
236,Undergraduate,2026-05-01 00:00:00,Unknown,Unknown,False,False,#N/A,,#N/A,,,,#N/A,,#N/A,,,True,True,False,False,False,
237,Undergraduate,2026-05-01 00:00:00,Working,Working,True,True,Google,Google,Software Engineer,Software Engineer,,,,,"Sunnyvale, CA",CA,CA,True,True,True,True,True,
238,Undergraduate,2026-05-01 00:00:00,Unknown,Unknown,False,False,#N/A,,#N/A,,#N/A,,#N/A,,#N/A,,,True,True,False,False,False,
239,Undergraduate,2026-05-01 00:00:00,Continuing Ed,Continuing Education,True,True,,,,,UMass CICS,UMass Amherst,MSMS,MS,,"=RIGHT(T239,2)",,False,False,True,False,False,
240,Undergraduate,2026-05-01 00:00:00,Searching,Looking,True,False,,,,,,,,,,"=RIGHT(T240,2)",,True,True,True,False,False,
241,Undergraduate,2026-05-01 00:00:00,Unknown,Unknown,False,False,#N/A,,#N/A,,#N/A,,#N/A,,#N/A,,,True,True,False,False,False,
242,Undergraduate,2026-05-01 00:00:00,Working,Working,True,True,Marriott,Marriott,Unknown,,,,,,"Bethesda, MD",MD,MD,True,False,True,True,False,working_missing_role
243,Undergraduate,2026-05-01 00:00:00,Continuing Ed,Continuing Education,True,True,,,,,UMass CICS,UMass Amherst,MSMS,MS,,"=RIGHT(T243,2)",,True,False,True,True,False,
244,Undergraduate,2026-05-01 00:00:00,Working,Working,True,True,AbbVie,AbbVie,Software Engineer - GenAI Student,Software Engineer - GenAI Student,,,,,,"=RIGHT(T244,2)",,False,False,True,True,False,working_missing_state
245,Undergraduate,2026-05-01 00:00:00,Continuing Ed,Continuing Education,True,True,,,,,UMass CICS,UMass Amherst,MSMS,MS,,"=RIGHT(T245,2)",,False,True,True,False,False,
246,Undergraduate,2026-05-01 00:00:00,Unknown,Unknown,False,False,#N/A,,#N/A,,#N/A,,#N/A,,#N/A,,,True,False,False,False,False,
247,Undergraduate,2026-05-01 00:00:00,Continuing Ed,Continuing Education,True,True,,,,,CICS,UMass Amherst,MSMS,MS,,"=RIGHT(T247,2)",,True,False,True,False,False,
248,Undergraduate,2026-05-01 00:00:00,Unknown,Unknown,False,False,#N/A,,#N/A,,#N/A,,#N/A,,#N/A,,,True,True,False,False,False,
249,Undergraduate,2026-05-01 00:00:00,Searching,Looking,True,False,,,,,,,,,,"=RIGHT(T249,2)",,True,False,True,False,False,
250,Undergraduate,2026-05-01 00:00:00,Unknown,Unknown,False,False,#N/A,,#N/A,,#N/A,,#N/A,,#N/A,,,True,True,False,True,False,
251,Undergraduate,2026-05-01 00:00:00,Continuing Ed,Continuing Education,True,True,,,,,CICS,UMass Amherst,MSMS,MS,,"=RIGHT(T251,2)",,False,False,True,True,True,
252,Undergraduate,2026-05-01 00:00:00,Searching,Looking,True,False,,,,,,,,,,"=RIGHT(T252,2)",,True,False,True,True,False,
253,Undergraduate,2026-05-01 00:00:00,Searching,Looking,True,False,,,,,,,,,,"=RIGHT(T253,2)",,False,False,True,True,False,
254,Undergraduate,2026-05-01 00:00:00,Working,Working,True,True,Citizens Bank,Citizens Bank,Software Engineer,Software Engineer,,,,,"Johnston, Rhode Island",RI,RI,False,False,True,True,True,
255,Undergraduate,2026-05-01 00:00:00,Unknown,Unknown,False,False,#N/A,,#N/A,,#N/A,,#N/A,,#N/A,,,True,False,False,True,True,
256,Undergraduate,2026-05-01 00:00:00,Unknown,Unknown,False,False,#N/A,,#N/A,,#N/A,,#N/A,,#N/A,,,False,True,False,False,False,
257,Undergraduate,2026-05-01 00:00:00,Unknown,Unknown,False,False,#N/A,,#N/A,,,,#N/A,,#N/A,,,True,True,False,False,False,
258,Undergraduate,2026-05-01 00:00:00,Continuing Ed,Continuing Education,True,True,,,,,CICS,UMass Amherst,MSMS,MS,,"=RIGHT(T258,2)",,True,True,True,False,False,
259,MS,2026-05-01 00:00:00,Searching,Looking,True,False,,,,,,,,,,"=RIGHT(T259,2)",,True,True,True,False,False,
260,Undergraduate,2026-05-01 00:00:00,Unknown,Unknown,False,False,#N/A,,#N/A,,#N/A,,#N/A,,#N/A,,,True,True,False,False,False,
261,Undergraduate,2026-05-01 00:00:00,Unknown,Unknown,False,False,#N/A,,#N/A,,#N/A,,#N/A,,#N/A,,,True,True,False,True,True,
262,Undergraduate,2026-05-01 00:00:00,Unknown,Unknown,False,False,#N/A,,#N/A,,#N/A,,#N/A,,#N/A,,,True,True,False,True,False,
263,Undergraduate,2026-05-01 00:00:00,Continuing Ed,Continuing Education,True,True,,,,,"Manning CICS, UMass",UMass Amherst,MSMS,MS,,"=RIGHT(T263,2)",,True,True,True,False,False,
264,Undergraduate,2026-05-01 00:00:00,Continuing Ed,Continuing Education,True,True,Amazon,Amazon,Software Development Engineer Intern,Software Engineer Intern,,,,,"Boston, MA",MA,MA,True,True,True,True,True,continuing_ed_missing_school
265,Undergraduate,2026-05-01 00:00:00,Unknown,Unknown,False,False,#N/A,,#N/A,,#N/A,,#N/A,,#N/A,,,True,True,False,False,False,
266,MS,2026-05-01 00:00:00,Searching,Looking,True,False,,,,,,,,,,"=RIGHT(T266,2)",,True,True,True,False,False,
267,Undergraduate,2026-05-01 00:00:00,Searching,Looking,True,False,#N/A,,#N/A,,#N/A,,#N/A,,#N/A,,,True,True,False,True,False,
268,Undergraduate,2026-05-01 00:00:00,Searching,Looking,True,False,,,,,,,,,,"=RIGHT(T268,2)",,True,True,True,True,False,
269,Undergraduate,2026-05-01 00:00:00,Continuing Ed,Continuing Education,True,True,,,,,UMass Amherst,UMass Amherst,MSMS,MS,,"=RIGHT(T269,2)",,True,False,True,True,False,
270,Undergraduate,2026-05-01 00:00:00,Unknown,Unknown,False,False,#N/A,,#N/A,,#N/A,,#N/A,,#N/A,,,False,True,False,False,False,
271,Undergraduate,2026-05-01 00:00:00,Continuing Ed,Continuing Education,True,True,,,,,"Manning CICS, UMass Amherst",UMass Amherst,MSMS,MS,,"=RIGHT(T271,2)",,True,True,True,False,False,
272,Undergraduate,2026-05-01 00:00:00,Unknown,Unknown,False,False,#N/A,,#N/A,,#N/A,,#N/A,,#N/A,,,True,True,False,False,False,
273,Undergraduate,2026-01-01 00:00:00,Continuing Ed,Continuing Education,True,True,,,,,"Manning College of Information and Computer Sciences, UMass",UMass Amherst,MSMS,MS,,"=RIGHT(T273,2)",,False,False,True,False,False,
274,Undergraduate,2026-05-01 00:00:00,Working,Working,True,True,Travelers,Travelers,Business Insights & Analytics LDP Participant,Business Insights & Analytics LDP Participant,,,,,"Hartford, CT",CT,CT,False,False,True,False,False,
275,Undergraduate,2026-05-01 00:00:00,Working,Working,True,True,McDonald's Corporate,McDonald's Corporate,Cybersecurity Rotational,Cybersecurity Rotational,,,,,"Chicago, IL",IL,IL,True,True,True,False,False,
276,Undergraduate,2026-05-01 00:00:00,Searching,Looking,True,False,,,,,,,,,,"=RIGHT(T276,2)",,True,False,True,False,False,
277,Undergraduate,2026-02-01 00:00:00,Searching,Looking,True,False,,,,,,,,,,"=RIGHT(T277,2)",,True,False,True,False,False,
278,Undergraduate,2026-05-01 00:00:00,Unknown,Unknown,False,False,#N/A,,#N/A,,#N/A,,#N/A,,#N/A,,,True,True,False,False,False,
279,Undergraduate,2026-05-01 00:00:00,Continuing Ed,Continuing Education,True,True,,,,,UMass Amherst,UMass Amherst,MSMS,MS,,"=RIGHT(T279,2)",,True,False,True,True,True,
280,Undergraduate,2026-05-01 00:00:00,Searching,Looking,True,False,,,,,,,,,,"=RIGHT(T280,2)",,True,True,True,False,False,
281,Undergraduate,2026-05-01 00:00:00,Unknown,Unknown,False,False,#N/A,,#N/A,,#N/A,,#N/A,,#N/A,,,False,True,False,False,False,
282,Undergraduate,2026-05-01 00:00:00,Unknown,Unknown,False,False,#N/A,,#N/A,,#N/A,,#N/A,,#N/A,,,True,True,False,False,False,
283,Undergraduate,2026-05-01 00:00:00,Unknown,Unknown,False,False,#N/A,,#N/A,,#N/A,,#N/A,,#N/A,,,True,True,False,False,False,
284,Undergraduate,2026-02-01 00:00:00,Searching,Looking,True,False,#N/A,,#N/A,,#N/A,,#N/A,,#N/A,,,True,True,False,False,False,
285,Undergraduate,2026-05-01 00:00:00,Unknown,Unknown,False,False,#N/A,,#N/A,,#N/A,,#N/A,,#N/A,,,False,True,False,False,False,
286,Undergraduate,2026-05-01 00:00:00,Unknown,Unknown,False,False,#N/A,,#N/A,,#N/A,,#N/A,,#N/A,,,True,False,False,False,False,
287,Undergraduate,2026-05-01 00:00:00,Unknown,Unknown,False,False,#N/A,,#N/A,,#N/A,,#N/A,,#N/A,,,True,False,False,False,False,
288,Undergraduate,2026-05-01 00:00:00,Unknown,Unknown,False,False,#N/A,,#N/A,,#N/A,,#N/A,,#N/A,,,True,False,False,False,False,
289,Undergraduate,2026-01-01 00:00:00,Continuing Ed,Continuing Education,True,True,,,,,"Manning College of Information and Computer Sciences, UMass Amherst",UMass Amherst,MSMS,MS,,"=RIGHT(T289,2)",,True,True,True,True,False,
290,Undergraduate,2026-05-01 00:00:00,Searching,Looking,True,False,,,,,,,,,,"=RIGHT(T290,2)",,True,False,True,True,False,
291,PhD,2026-05-01 00:00:00,Working,Working,True,True,Evidium,Evidium,Machine Learning Research Engineering,Machine Learning Research Engineering,,,,,San Francisco,CA,CA,True,True,True,True,True,
292,Undergraduate,2026-05-01 00:00:00,Continuing Ed,Continuing Education,True,True,,,,,UMass CICS,UMass Amherst,MSMS,MS,,"=RIGHT(T292,2)",,False,False,True,True,True,
293,Undergraduate,2026-05-01 00:00:00,Unknown,Unknown,False,False,#N/A,,#N/A,,#N/A,,#N/A,,#N/A,,,True,False,False,False,False,
294,Undergraduate,2026-05-01 00:00:00,Unknown,Unknown,False,False,#N/A,,#N/A,,#N/A,,#N/A,,#N/A,,,True,False,False,False,False,
295,Undergraduate,2026-05-01 00:00:00,Unknown,Unknown,False,False,#N/A,,#N/A,,#N/A,,#N/A,,#N/A,,,True,False,False,False,False,
296,Undergraduate,2026-05-01 00:00:00,Working,Working,True,True,FlexTrade,FlexTrade,Associate Software Developer,Associate Software Developer,,,,,"Great Neck, NY",NY,NY,True,False,True,True,True,
297,Undergraduate,2026-05-01 00:00:00,Continuing Ed,Continuing Education,True,True,,,,,"Manning CICS, UMass Amherst",UMass Amherst,MSMS,MS,,"=RIGHT(T297,2)",,True,False,True,True,False,
298,Undergraduate,2026-05-01 00:00:00,Unknown,Unknown,False,False,#N/A,,#N/A,,#N/A,,#N/A,,#N/A,,,True,False,False,False,False,
299,Undergraduate,2026-01-01 00:00:00,Continuing Ed,Continuing Education,True,True,,,,,"Manning CICS, UMass",UMass Amherst,MSMS,MS,,"=RIGHT(T299,2)",,True,True,True,False,False,
300,Undergraduate,2026-05-01 00:00:00,Working,Working,True,True,Oracle,Oracle,Software Engineer,Software Engineer,,,,,"Redwood Shores, CA",CA,CA,True,False,True,True,False,
301,Undergraduate,2026-05-01 00:00:00,Unknown,Unknown,False,False,#N/A,,#N/A,,#N/A,,#N/A,,#N/A,,,True,True,False,False,False,
302,Undergraduate,2026-01-01 00:00:00,Unknown,Unknown,False,False,#N/A,,#N/A,,#N/A,,#N/A,,#N/A,,,True,False,False,True,False,
303,Undergraduate,2026-05-01 00:00:00,Unknown,Unknown,False,False,#N/A,,#N/A,,#N/A,,#N/A,,#N/A,,,True,False,False,True,False,
304,Undergraduate,2026-05-01 00:00:00,Unknown,Unknown,False,False,#N/A,,#N/A,,#N/A,,#N/A,,#N/A,,,True,False,False,True,False,
305,Undergraduate,2026-05-01 00:00:00,Searching,Looking,True,False,,,,,,,,,,"=RIGHT(T305,2)",,True,False,True,False,False,
306,Undergraduate,2026-05-01 00:00:00,Unknown,Unknown,False,False,#N/A,,#N/A,,#N/A,,#N/A,,#N/A,,,False,True,False,False,False,
307,Undergraduate,2026-05-01 00:00:00,Continuing Ed,Continuing Education,True,True,,,,,"Manning CICS, UMass",UMass Amherst,MSMS,MS,,"=RIGHT(T307,2)",,False,True,True,False,False,
308,Undergraduate,2026-05-01 00:00:00,Continuing Ed,Continuing Education,True,True,,,,,UMass Amherst,UMass Amherst,MSMS,MS,,"=RIGHT(T308,2)",,True,True,True,False,False,
309,Undergraduate,2026-05-01 00:00:00,Continuing Ed,Continuing Education,True,True,,,,,UMass CICS,UMass Amherst,MSMS,MS,,"=RIGHT(T309,2)",,True,True,True,False,False,
310,Undergraduate,2026-05-01 00:00:00,Searching,Looking,True,False,#N/A,,#N/A,,#N/A,,#N/A,,#N/A,,,True,True,False,True,True,
311,Undergraduate,2026-05-01 00:00:00,Unknown,Unknown,False,False,#N/A,,#N/A,,#N/A,,#N/A,,#N/A,,,True,False,False,False,False,
312,Undergraduate,2026-05-01 00:00:00,Unknown,Unknown,False,False,#N/A,,#N/A,,#N/A,,#N/A,,#N/A,,,True,False,False,True,False,
313,Undergraduate,2026-05-01 00:00:00,Working,Working,True,True,Fidelity Investments,Fidelity Investments,Software Engineer,Software Engineer,,,,,"Merrimack, NH",NH,NH,False,False,True,True,False,
314,Undergraduate,2026-05-01 00:00:00,Searching,Looking,True,False,,,,,,,,,,"=RIGHT(T314,2)",,True,False,True,True,True,
315,Undergraduate,2026-05-01 00:00:00,Continuing Ed,Continuing Education,True,True,,,,,UMass CICS,UMass Amherst,MSMS,MS,,"=RIGHT(T315,2)",,True,True,True,True,False,
316,Undergraduate,2026-05-01 00:00:00,Unknown,Unknown,False,False,#N/A,,#N/A,,#N/A,,#N/A,,#N/A,,,True,False,False,False,False,
317,Undergraduate,2026-05-01 00:00:00,Unknown,Unknown,False,False,#N/A,,#N/A,,#N/A,,#N/A,,#N/A,,,True,False,False,False,False,
318,Undergraduate,2026-05-01 00:00:00,Working,Working,True,True,NERA,NERA,Research Associate,Research Associate,,,,,"New York City, NY",NY,NY,False,False,True,False,False,
319,Undergraduate,2026-05-01 00:00:00,Searching,Looking,True,False,#N/A,,#N/A,,#N/A,,#N/A,,#N/A,,,True,True,False,False,False,
320,Undergraduate,2026-05-01 00:00:00,Unknown,Unknown,False,False,#N/A,,#N/A,,#N/A,,#N/A,,#N/A,,,True,False,False,True,True,
321,Undergraduate,2026-05-01 00:00:00,Searching,Looking,True,False,,,,,,,,,,"=RIGHT(T321,2)",,True,True,True,True,True,
322,Undergraduate,2026-05-01 00:00:00,Unknown,Unknown,False,False,#N/A,,#N/A,,#N/A,,#N/A,,#N/A,,,True,False,False,False,False,
323,Undergraduate,2026-05-01 00:00:00,Unknown,Unknown,False,False,#N/A,,#N/A,,#N/A,,#N/A,,#N/A,,,True,False,False,False,False,
324,Undergraduate,2026-05-01 00:00:00,Unknown,Unknown,False,False,#N/A,,#N/A,,#N/A,,#N/A,,#N/A,,,True,False,False,True,False,
325,Undergraduate,2026-05-01 00:00:00,Continuing Ed,Continuing Education,True,True,,,,,UMass CICS,UMass Amherst,MSMS,MS,,"=RIGHT(T325,2)",,True,False,True,True,True,
326,Undergraduate,2026-05-01 00:00:00,Working,Working,True,True,Ahold Delhaize USA,Ahold Delhaize USA,Data Integration Co-op,Data Integration Co-op,,,,,"Quincy, MA",MA,MA,False,False,True,True,True,
327,Undergraduate,2026-05-01 00:00:00,Searching,Looking,True,False,#N/A,,#N/A,,#N/A,,#N/A,,#N/A,,,True,False,False,True,True,
328,Undergraduate,2026-05-01 00:00:00,Searching,Looking,True,False,,,,,,,,,,"=RIGHT(T328,2)",,True,False,True,True,True,
329,Undergraduate,2026-05-01 00:00:00,Searching,Looking,True,False,#N/A,,#N/A,,#N/A,,#N/A,,#N/A,,,True,False,False,True,True,
330,Undergraduate,2026-05-01 00:00:00,Continuing Ed,Continuing Education,True,True,,,,,NYU Courant (CDS),NYU,MSMS,MS,,"=RIGHT(T330,2)",,True,False,True,False,False,
331,Undergraduate,2026-05-01 00:00:00,Continuing Ed,Continuing Education,True,True,,,,,UMass Amherst,UMass Amherst,MSMS,MS,,"=RIGHT(T331,2)",,False,False,True,True,True,
332,Undergraduate,2026-05-01 00:00:00,Searching,Looking,True,False,#N/A,,#N/A,,#N/A,,#N/A,,#N/A,,,True,True,False,True,True,
333,Undergraduate,2026-05-01 00:00:00,Unknown,Unknown,False,False,#N/A,,#N/A,,#N/A,,#N/A,,#N/A,,,True,True,False,False,False,
334,Undergraduate,2026-05-01 00:00:00,Searching,Looking,True,False,,,,,,,,,,"=RIGHT(T334,2)",,True,False,True,True,True,
335,Undergraduate,2026-05-01 00:00:00,Unknown,Unknown,False,False,#N/A,,#N/A,,#N/A,,#N/A,,#N/A,,,True,False,False,True,False,
336,Undergraduate,2026-05-01 00:00:00,Unknown,Unknown,False,False,#N/A,,#N/A,,#N/A,,#N/A,,#N/A,,,True,False,False,False,False,
337,Undergraduate,2026-01-01 00:00:00,Working,Working,True,True,DX (Atlassian),DX (Atlassian),Software Engineer,Software Engineer,,,,,,"=RIGHT(T337,2)",,True,False,True,True,False,working_missing_state
338,Undergraduate,2026-05-01 00:00:00,Working,Working,True,True,Liberty Mutual Insurance,Liberty Mutual,TechStart Intern,TechStart Intern,,,,,,"=RIGHT(T338,2)",,True,True,True,True,True,working_missing_state
339,Undergraduate,2026-05-01 00:00:00,Searching,Looking,True,False,,,,,,,,,,"=RIGHT(T339,2)",,True,False,True,True,True,
340,Undergraduate,2026-05-01 00:00:00,Working,Working,True,True,Fidelity,Fidelity Investments,Data Engineer,Data Engineer,,,,,New Hamsphire; Massachusetts,NH,NH,False,False,True,True,True,
341,Undergraduate,2026-05-01 00:00:00,Unknown,Unknown,False,False,#N/A,,#N/A,,#N/A,,#N/A,,#N/A,,,True,False,False,True,False,
342,Undergraduate,2026-05-01 00:00:00,Unknown,Unknown,False,False,#N/A,,#N/A,,#N/A,,#N/A,,#N/A,,,True,True,False,False,False,
343,Undergraduate,2026-05-01 00:00:00,Continuing Ed,Continuing Education,True,True,,,,,UMass Amherst,UMass Amherst,MSMS,MS,,"=RIGHT(T343,2)",,True,False,True,False,False,
344,Undergraduate,2026-05-01 00:00:00,Unknown,Unknown,False,False,#N/A,,#N/A,,,,#N/A,,#N/A,,,False,True,False,False,False,
345,Undergraduate,2026-01-01 00:00:00,Searching,Looking,True,False,#N/A,,#N/A,,#N/A,,#N/A,,#N/A,,,True,True,False,True,False,
346,Undergraduate,2026-05-01 00:00:00,Unknown,Unknown,False,False,#N/A,,#N/A,,#N/A,,#N/A,,#N/A,,,False,False,False,False,False,
347,Undergraduate,2026-05-01 00:00:00,Working,Working,True,True,Prudential Financial,Prudential Financial,Technology Rotation Associate,Technology Rotation Associate,,,,,"Newark, NJ",NJ,NJ,True,False,True,False,False,
348,Undergraduate,2026-05-01 00:00:00,Working,Working,True,True,Caesar Creek / Cryptic Vector,Caesar Creek / Cryptic Vector,Software Engineering Intern,Software Engineer Intern,,,,,"Woburn, MA",MA,MA,True,False,True,True,True,
349,Undergraduate,2026-05-01 00:00:00,Unknown,Unknown,False,False,#N/A,,#N/A,,#N/A,,#N/A,,#N/A,,,True,False,False,False,False,
350,Undergraduate,2026-05-01 00:00:00,Unknown,Unknown,False,False,#N/A,,#N/A,,#N/A,,#N/A,,#N/A,,,True,False,False,False,False,
351,Undergraduate,2026-05-01 00:00:00,Unknown,Unknown,False,False,#N/A,,#N/A,,#N/A,,#N/A,,#N/A,,,True,True,False,False,False,
352,Undergraduate,2026-05-01 00:00:00,Searching,Looking,True,False,#N/A,,#N/A,,#N/A,,#N/A,,#N/A,,,True,False,False,True,True,
353,Undergraduate,2026-05-01 00:00:00,Unknown,Unknown,False,False,#N/A,,#N/A,,#N/A,,#N/A,,#N/A,,,True,False,False,False,False,
354,Undergraduate,2026-05-01 00:00:00,Searching,Looking,True,False,,,,,,,,,,"=RIGHT(T354,2)",,True,False,True,True,True,
355,Undergraduate,2026-05-01 00:00:00,Working,Working,True,True,Fidelity Investments,Fidelity Investments,Mobile Engineer,Mobile Engineer,,,,,"Worcester, MA",MA,MA,True,False,True,False,False,
356,Undergraduate,2026-05-01 00:00:00,Searching,Looking,True,False,,,,,,,,,,"=RIGHT(T356,2)",,True,True,True,True,True,
357,Undergraduate,2026-05-01 00:00:00,Searching,Looking,True,False,#N/A,,#N/A,,#N/A,,#N/A,,#N/A,,,True,False,False,True,False,
358,Undergraduate,2026-05-01 00:00:00,Unknown,Unknown,False,False,#N/A,,#N/A,,#N/A,,#N/A,,#N/A,,,True,False,False,False,False,
359,Undergraduate,2026-05-01 00:00:00,Continuing Ed,Continuing Education,True,True,,,,,NEU or JHU,NEU Or JHU,MSMS,MS,,"=RIGHT(T359,2)",,False,False,True,True,False,
360,Undergraduate,2026-05-01 00:00:00,Unknown,Unknown,False,False,#N/A,,#N/A,,#N/A,,#N/A,,#N/A,,,True,False,False,False,False,
361,Undergraduate,2026-05-01 00:00:00,Unknown,Unknown,False,False,#N/A,,#N/A,,#N/A,,#N/A,,#N/A,,,True,True,False,False,False,
362,Undergraduate,2026-05-01 00:00:00,Unknown,Unknown,False,False,#N/A,,#N/A,,#N/A,,#N/A,,#N/A,,,True,True,False,False,False,
363,Undergraduate,2026-05-01 00:00:00,Unknown,Unknown,False,False,#N/A,,#N/A,,#N/A,,#N/A,,#N/A,,,True,True,False,True,True,
364,Undergraduate,2026-05-01 00:00:00,Unknown,Unknown,False,False,#N/A,,#N/A,,#N/A,,#N/A,,#N/A,,,True,True,False,False,False,
365,Undergraduate,2026-05-01 00:00:00,Unknown,Unknown,False,False,#N/A,,#N/A,,#N/A,,#N/A,,#N/A,,,False,True,False,False,False,
366,Undergraduate,2026-05-01 00:00:00,Unknown,Unknown,False,False,#N/A,,#N/A,,#N/A,,#N/A,,#N/A,,,True,False,False,False,False,
367,Undergraduate,2026-05-01 00:00:00,Working,Working,True,True,,,,,,,,,New York city,NY,NY,True,False,True,True,False,working_missing_employer;working_missing_role
368,Undergraduate,2026-05-01 00:00:00,Searching,Looking,True,False,#N/A,,#N/A,,#N/A,,#N/A,,#N/A,,,True,False,False,True,False,
369,Undergraduate,2026-05-01 00:00:00,Continuing Ed,Continuing Education,True,True,,,,,UMass CICS,UMass Amherst,MSMS,MS,,"=RIGHT(T369,2)",,True,False,True,True,False,
370,Undergraduate,2026-05-01 00:00:00,Unknown,Unknown,False,False,#N/A,,#N/A,,#N/A,,#N/A,,#N/A,,,True,False,False,True,True,
371,Undergraduate,2026-05-01 00:00:00,Working,Working,True,True,Goldman Sachs,Goldman Sachs,Engineering Analyst,Engineering Analyst,,,,,"New York City, NYC",NY,NY,False,False,True,True,False,
372,Undergraduate,2026-05-01 00:00:00,Unknown,Unknown,False,False,#N/A,,#N/A,,#N/A,,#N/A,,#N/A,,,True,False,False,True,False,
373,Undergraduate,2026-05-01 00:00:00,Unknown,Unknown,False,False,#N/A,,#N/A,,#N/A,,#N/A,,#N/A,,,True,False,False,False,False,
374,Undergraduate,2026-05-01 00:00:00,Working,Working,True,True,Schneider Electric,Schneider Electric,Software Engineer,Software Engineer,,,,,"Andover, Massachusetts",MA,MA,True,False,True,False,False,
375,Undergraduate,2026-05-01 00:00:00,Working,Working,True,True,Athena Health,athenahealth,Software Engineering Intern,Software Engineer Intern,,,,,,"=RIGHT(T375,2)",,True,True,True,True,False,working_missing_state
376,Undergraduate,2026-05-01 00:00:00,Unknown,Unknown,False,False,#N/A,,#N/A,,#N/A,,#N/A,,#N/A,,,True,False,False,False,False,
377,Undergraduate,2026-05-01 00:00:00,Searching,Looking,True,False,,,,,,,,,,"=RIGHT(T377,2)",,True,True,True,True,True,
378,Undergraduate,2026-05-01 00:00:00,Continuing Ed,Continuing Education,True,True,,,,,UMass CICS,UMass Amherst,MSMS,MS,,"=RIGHT(T378,2)",,False,False,True,False,False,
379,Undergraduate,2026-05-01 00:00:00,Working,Working,True,True,IBM,IBM,Software Engineer,Software Engineer,,,,,Lowell,ll,LL,True,False,True,True,True,
380,Undergraduate,2026-05-01 00:00:00,Unknown,Unknown,False,False,#N/A,,#N/A,,#N/A,,#N/A,,#N/A,,,True,False,False,True,True,
381,Undergraduate,2026-05-01 00:00:00,Continuing Ed,Continuing Education,True,True,,,,,UMass CICS,UMass Amherst,MSMS,MS,,"=RIGHT(T381,2)",,False,False,True,True,False,
382,Undergraduate,2026-05-01 00:00:00,Continuing Ed,Continuing Education,True,True,,,,,UMass CICS,UMass Amherst,MSMS,MS,,"=RIGHT(T382,2)",,False,False,True,False,False,
383,Undergraduate,2026-01-01 00:00:00,Unknown,Unknown,False,False,#N/A,,#N/A,,#N/A,,#N/A,,#N/A,,,True,False,False,True,True,
384,Undergraduate,2026-05-01 00:00:00,Searching,Looking,True,False,,,,,,,,,,"=RIGHT(T384,2)",,True,False,True,True,True,
385,Undergraduate,2026-05-01 00:00:00,Unknown,Unknown,False,False,#N/A,,#N/A,,#N/A,,#N/A,,#N/A,,,True,False,False,False,True,
386,Undergraduate,2026-05-01 00:00:00,Unknown,Unknown,False,False,#N/A,,#N/A,,#N/A,,#N/A,,#N/A,,,True,True,False,False,False,
387,Undergraduate,2026-05-01 00:00:00,Unknown,Unknown,False,False,#N/A,,#N/A,,#N/A,,#N/A,,#N/A,,,False,False,False,False,False,
388,Undergraduate,2026-05-01 00:00:00,Continuing Ed,Continuing Education,True,True,,,,,UMass CICS,UMass Amherst,MSMS,MS,,"=RIGHT(T388,2)",,False,False,True,True,False,
389,Undergraduate,2026-05-01 00:00:00,Unknown,Unknown,False,False,#N/A,,#N/A,,#N/A,,#N/A,,#N/A,,,True,False,False,True,True,
390,Undergraduate,2026-05-01 00:00:00,Searching,Looking,True,False,,,,,,,,,,"=RIGHT(T390,2)",,True,False,True,True,False,
391,Undergraduate,2026-05-01 00:00:00,Unknown,Unknown,False,False,#N/A,,#N/A,,#N/A,,#N/A,,#N/A,,,False,False,False,False,False,
392,Undergraduate,2026-05-01 00:00:00,Continuing Ed,Continuing Education,True,True,,,,,UMass Amherst,UMass Amherst,MSMS,MS,,"=RIGHT(T392,2)",,True,True,True,False,False,
393,Undergraduate,2026-05-01 00:00:00,Searching,Looking,True,False,,,,,,,,,,"=RIGHT(T393,2)",,True,False,True,True,True,
394,Undergraduate,2026-05-01 00:00:00,Working,Working,True,True,IBM,IBM,Brand Technical Sales Specialist,Brand Technical Sales Specialist,,,,,"Austin, TX",TX,TX,True,True,True,True,True,
395,Undergraduate,2026-05-01 00:00:00,Searching,Looking,True,False,,,,,,,,,,"=RIGHT(T395,2)",,True,False,True,True,True,
396,Undergraduate,2026-05-01 00:00:00,Searching,Looking,True,False,#N/A,,#N/A,,#N/A,,#N/A,,#N/A,,,True,False,False,False,False,
397,Undergraduate,2026-05-01 00:00:00,Searching,Looking,True,False,#N/A,,#N/A,,#N/A,,#N/A,,#N/A,,,True,True,False,False,False,
398,Undergraduate,2026-05-01 00:00:00,Continuing Ed,Continuing Education,True,True,,,,,UMass CICS,UMass Amherst,MSMS,MS,,"=RIGHT(T398,2)",,True,True,True,True,True,
399,Undergraduate,2026-05-01 00:00:00,Searching,Looking,True,False,,,,,,,,,,"=RIGHT(T399,2)",,True,False,True,True,True,
400,Undergraduate,2026-05-01 00:00:00,Working,Working,True,True,Unknown,,Founder / CEO,Founder / CEO,,,,,,"=RIGHT(T400,2)",,True,True,True,True,False,working_missing_employer;working_missing_state
401,Undergraduate,2026-05-01 00:00:00,Continuing Ed,Continuing Education,True,True,,,,,University of Massachusetts Amherst,UMass Amherst,MSMS,MS,,"=RIGHT(T401,2)",,True,False,True,True,True,
402,Undergraduate,2026-05-01 00:00:00,Working,Working,True,True,Liberty Mutual,Liberty Mutual,TechStart Associate,TechStart Associate,,,,,,"=RIGHT(T402,2)",,True,False,True,True,True,working_missing_state
403,Undergraduate,2026-05-01 00:00:00,Unknown,Unknown,False,False,#N/A,,#N/A,,#N/A,,#N/A,,#N/A,,,True,False,False,True,False,
404,Undergraduate,2026-02-01 00:00:00,Unknown,Unknown,False,False,#N/A,,#N/A,,#N/A,,#N/A,,#N/A,,,True,False,False,True,False,
405,Undergraduate,2026-05-01 00:00:00,Unknown,Unknown,False,False,#N/A,,#N/A,,#N/A,,#N/A,,#N/A,,,True,False,False,False,False,
406,Undergraduate,2026-05-01 00:00:00,Unknown,Unknown,False,False,#N/A,,#N/A,,#N/A,,#N/A,,#N/A,,,False,False,False,True,False,
407,Undergraduate,2026-05-01 00:00:00,Searching,Looking,True,False,,,,,,,,,,"=RIGHT(T407,2)",,True,False,True,True,True,
408,Undergraduate,2026-05-01 00:00:00,Continuing Ed,Continuing Education,True,True,Volta Labs,Volta Labs,,,,,,,,"=RIGHT(T408,2)",,False,False,True,True,False,continuing_ed_missing_school
409,Undergraduate,2026-05-01 00:00:00,Searching,Looking,True,False,,,,,,,,,,"=RIGHT(T409,2)",,True,False,True,True,False,
410,Undergraduate,2026-05-01 00:00:00,Working,Working,True,True,Fidelity,Fidelity Investments,Software Engineer,Software Engineer,,,,,,"=RIGHT(T410,2)",,True,False,True,True,False,working_missing_state
411,Undergraduate,2026-05-01 00:00:00,Working,Working,True,True,Philips,Philips,Data Analyst,Data Analyst,,,,,Cambridge MA,MA,MA,True,False,True,True,True,
412,Undergraduate,2026-05-01 00:00:00,Searching,Looking,True,False,,,,,,,,,,"=RIGHT(T412,2)",,False,False,True,True,True,
413,Undergraduate,2026-05-01 00:00:00,Working,Working,True,True,Deloitte,Deloitte,AI Engineer,AI Engineer,,,,,,"=RIGHT(T413,2)",,True,False,True,True,False,working_missing_state
414,Undergraduate,2026-05-01 00:00:00,Searching,Looking,True,False,,,,,,,,,,"=RIGHT(T414,2)",,True,False,True,True,False,
415,Undergraduate,2026-05-01 00:00:00,Searching,Looking,True,False,,,,,,,,,,"=RIGHT(T415,2)",,False,False,True,False,False,
416,Undergraduate,2026-05-01 00:00:00,Continuing Ed,Continuing Education,True,True,,,,,Harvard Graduate School of Education,Harvard Graduate School Of Education,OtherM. Ed,M. Ed,,"=RIGHT(T416,2)",,False,False,True,True,False,
417,Undergraduate,2026-05-01 00:00:00,Continuing Ed,Continuing Education,True,True,,,,,Duke University,Duke University,MSMS,MS,,"=RIGHT(T417,2)",,False,False,True,False,False,
418,Undergraduate,2026-05-01 00:00:00,Unknown,Unknown,False,False,#N/A,,#N/A,,#N/A,,#N/A,,#N/A,,,True,False,False,False,False,
419,MS,2026-05-01 00:00:00,Searching,Looking,True,False,,,,,,,,,,"=RIGHT(T419,2)",,True,True,True,True,True,
420,Undergraduate,2026-05-01 00:00:00,Continuing Ed,Continuing Education,True,True,,,,,,,MSMS,MS,,"=RIGHT(T420,2)",,True,False,True,True,True,continuing_ed_missing_school
421,Undergraduate,2026-05-01 00:00:00,Unknown,Unknown,False,False,#N/A,,#N/A,,#N/A,,#N/A,,#N/A,,,True,False,False,False,False,
422,Undergraduate,2026-05-01 00:00:00,Continuing Ed,Continuing Education,True,True,,,,,,,MSMS,MS,,"=RIGHT(T422,2)",,True,False,True,True,True,continuing_ed_missing_school
423,Undergraduate,2026-05-01 00:00:00,Unknown,Unknown,False,False,#N/A,,#N/A,,#N/A,,#N/A,,#N/A,,,True,False,False,False,False,
424,Undergraduate,2026-05-01 00:00:00,Working,Working,True,True,Lam Research,Lam Research,DevOps Engineer,DevOps Engineer,,,,,"Waltham, MA",MA,MA,False,False,True,True,True,
425,MS,2026-05-01 00:00:00,Searching,Looking,True,False,,,,,,,,,,"=RIGHT(T425,2)",,True,True,True,True,True,
426,Undergraduate,2026-05-01 00:00:00,Continuing Ed,Continuing Education,True,True,,,,,UMass CICS,UMass Amherst,MSMS,MS,,"=RIGHT(T426,2)",,False,False,True,True,False,
427,Undergraduate,2026-01-01 00:00:00,Working,Working,True,True,ZenGate Global,ZenGate Global,Founding Engineer,Founding Engineer,,,,,,"=RIGHT(T427,2)",,True,True,True,False,False,working_missing_state
428,Undergraduate,2026-05-01 00:00:00,Unknown,Unknown,False,False,#N/A,,#N/A,,#N/A,,#N/A,,#N/A,,,True,False,False,False,False,
429,Undergraduate,2026-05-01 00:00:00,Searching,Looking,True,False,,,,,,,,,,"=RIGHT(T429,2)",,True,False,True,True,True,
430,Undergraduate,2026-05-01 00:00:00,Searching,Looking,True,False,,,,,,,,,,"=RIGHT(T430,2)",,True,False,True,True,True,
431,Undergraduate,2026-05-01 00:00:00,Searching,Looking,True,False,,,,,,,,,,"=RIGHT(T431,2)",,True,False,True,True,False,
432,Undergraduate,2026-05-01 00:00:00,Unknown,Unknown,False,False,#N/A,,#N/A,,#N/A,,#N/A,,#N/A,,,True,False,False,True,True,
433,Undergraduate,2026-05-01 00:00:00,Unknown,Unknown,False,False,#N/A,,#N/A,,#N/A,,#N/A,,#N/A,,,True,False,False,False,False,
434,Undergraduate,2026-05-01 00:00:00,Searching,Looking,True,False,,,,,,,,,,"=RIGHT(T434,2)",,True,False,True,True,True,
435,Undergraduate,2026-05-01 00:00:00,Searching,Looking,True,False,#N/A,,#N/A,,#N/A,,#N/A,,#N/A,,,True,False,False,False,False,
436,Undergraduate,2026-05-01 00:00:00,Searching,Looking,True,False,,,,,,,,,,"=RIGHT(T436,2)",,True,False,True,True,False,
437,Undergraduate,2026-05-01 00:00:00,Unknown,Unknown,False,False,#N/A,,#N/A,,#N/A,,#N/A,,#N/A,,,True,False,False,False,False,
438,Undergraduate,2026-05-01 00:00:00,Continuing Ed,Continuing Education,True,True,,,,,UMass CICS,UMass Amherst,MSMS,MS,,"=RIGHT(T438,2)",,True,False,True,True,True,
439,Undergraduate,2026-05-01 00:00:00,Searching,Looking,True,False,,,,,,,,,,"=RIGHT(T439,2)",,True,False,True,True,True,
440,Undergraduate,2026-05-01 00:00:00,Working,Working,True,True,EY,EY,FSO AI&D Associate Consultant,FSO AI&D Associate Consultant,,,,,,"=RIGHT(T440,2)",,True,False,True,False,False,working_missing_state
441,Undergraduate,2026-05-01 00:00:00,Continuing Ed,Continuing Education,True,True,,,,,UMass CICS,UMass Amherst,MSMS,MS,,"=RIGHT(T441,2)",,True,False,True,True,True,
442,Undergraduate,2026-05-01 00:00:00,Continuing Ed,Continuing Education,True,True,,,,,Carnegie Mellon,Carnegie Mellon University,MSMS,MS,,"=RIGHT(T442,2)",,True,True,True,True,True,
443,Undergraduate,2026-05-01 00:00:00,Searching,Looking,True,False,,,,,,,,,,"=RIGHT(T443,2)",,True,False,True,True,True,
444,Undergraduate,2026-05-01 00:00:00,Searching,Looking,True,False,,,,,,,,,,"=RIGHT(T444,2)",,True,False,True,True,True,
445,Undergraduate,2026-05-01 00:00:00,Searching,Looking,True,False,,,,,,,,,,"=RIGHT(T445,2)",,True,True,True,True,True,
446,Undergraduate,2026-01-01 00:00:00,Unknown,Unknown,False,False,#N/A,,#N/A,,#N/A,,#N/A,,#N/A,,,True,False,False,True,False,
447,Undergraduate,2026-05-01 00:00:00,Unknown,Unknown,False,False,#N/A,,#N/A,,#N/A,,#N/A,,#N/A,,,True,False,False,False,False,
448,Undergraduate,2026-05-01 00:00:00,Unknown,Unknown,False,False,#N/A,,#N/A,,#N/A,,#N/A,,#N/A,,,True,False,False,True,False,
449,Undergraduate,2026-05-01 00:00:00,Searching,Looking,True,False,,,,,,,,,,"=RIGHT(T449,2)",,True,False,True,True,True,
450,Undergraduate,2026-05-01 00:00:00,Working,Working,True,True,Amazon Robotics,Amazon Robotics,Robotics Software Engineer,Robotics Software Engineer,,,,,Boston,MA,MA,False,False,True,True,False,
451,Undergraduate,2026-05-01 00:00:00,Searching,Looking,True,False,,,,,,,,,,"=RIGHT(T451,2)",,True,False,True,True,True,
452,Undergraduate,2026-05-01 00:00:00,Continuing Ed,Continuing Education,True,True,,,,,UMass CICS,UMass Amherst,MSMS,MS,,"=RIGHT(T452,2)",,True,True,True,True,False,
453,Undergraduate,2026-05-01 00:00:00,Working,Working,True,True,Dell Technologies,Dell Technologies,Software Engineer,Software Engineer,,,,,"Austin, TX",TX,TX,True,False,True,True,True,
454,Undergraduate,2026-05-01 00:00:00,Working,Working,True,True,Dell,Dell,Tech Sales,Tech Sales,,,,,,"=RIGHT(T454,2)",,False,False,True,True,True,working_missing_state
455,Undergraduate,2026-05-01 00:00:00,Unknown,Unknown,False,False,#N/A,,#N/A,,#N/A,,#N/A,,#N/A,,,False,False,False,False,False,
456,Undergraduate,2026-05-01 00:00:00,Working,Working,True,True,Microsoft,Microsoft,Software Engineering Intern,Software Engineer Intern,,,,,"Redmond, WA",WA,WA,False,False,True,True,True,
457,Undergraduate,2026-05-01 00:00:00,Searching,Looking,True,False,,,,,,,,,,"=RIGHT(T457,2)",,True,False,True,True,False,
458,Undergraduate,2026-05-01 00:00:00,Continuing Ed,Continuing Education,True,True,,,,,UMass CICS,UMass Amherst,MSMS,MS,,"=RIGHT(T458,2)",,True,False,True,False,True,
459,Undergraduate,2026-05-01 00:00:00,Searching,Looking,True,False,#N/A,,#N/A,,#N/A,,#N/A,,#N/A,,,True,True,False,True,True,
460,Undergraduate,2026-05-01 00:00:00,Unknown,Unknown,False,False,#N/A,,#N/A,,#N/A,,#N/A,,#N/A,,,True,False,False,True,True,
461,Undergraduate,2026-05-01 00:00:00,Searching,Looking,True,False,#N/A,,#N/A,,#N/A,,#N/A,,#N/A,,,True,False,False,True,False,
462,Undergraduate,2026-01-01 00:00:00,Continuing Ed,Continuing Education,True,True,Honeywell,Honeywell,Agentic Software Engineer,Agentic Software Engineer,,,,,"Atlanta, GA",GA,GA,True,False,True,False,False,continuing_ed_missing_school
463,Undergraduate,2026-05-01 00:00:00,Unknown,Unknown,False,False,#N/A,,#N/A,,#N/A,,#N/A,,#N/A,,,True,False,False,False,False,
464,Undergraduate,2026-05-01 00:00:00,Searching,Looking,True,False,#N/A,,#N/A,,#N/A,,#N/A,,#N/A,,,True,False,False,False,False,
465,Undergraduate,2026-05-01 00:00:00,Working,Working,True,True,Arista Networks,Arista Networks,Software Engineer,Software Engineer,,,,,,"=RIGHT(T465,2)",,True,False,True,True,True,working_missing_state
466,Undergraduate,2026-01-01 00:00:00,Working,Working,True,True,Google,Google,Software Engineer,Software Engineer,,,,,,"=RIGHT(T466,2)",,True,False,True,False,False,working_missing_state
467,Undergraduate,2026-05-01 00:00:00,Working,Working,True,True,AMD,AMD,AI Software Engineer,AI Software Engineer,,,,,,"=RIGHT(T467,2)",,True,False,True,True,True,working_missing_state
468,Undergraduate,2026-05-01 00:00:00,Unknown,Unknown,False,False,#N/A,,#N/A,,#N/A,,#N/A,,#N/A,,,False,False,False,False,False,
469,Undergraduate,2026-05-01 00:00:00,Unknown,Unknown,False,False,#N/A,,#N/A,,#N/A,,#N/A,,#N/A,,,True,False,False,False,False,
470,Undergraduate,2026-05-01 00:00:00,Continuing Ed,Continuing Education,True,True,,,,,UMass CICS,UMass Amherst,MSMS,MS,,"=RIGHT(T470,2)",,True,False,True,True,True,
471,Undergraduate,2026-05-01 00:00:00,Working,Working,True,True,Milliman,Milliman,Actuarial Analyst,Actuarial Analyst,,,,,"Boise, ID",ID,ID,True,False,True,True,False,
472,Undergraduate,2026-05-01 00:00:00,Unknown,Unknown,False,False,#N/A,,#N/A,,#N/A,,#N/A,,#N/A,,,True,False,False,False,False,
473,Undergraduate,2026-05-01 00:00:00,Working,Working,True,True,Merck,Merck,Technology Associate,Technology Associate,,,,,,"=RIGHT(T473,2)",,True,False,True,True,False,working_missing_state
474,MS,2026-05-01 00:00:00,Searching,Looking,True,False,,,,,,,,,,"=RIGHT(T474,2)",,True,True,True,True,True,
475,MS,2026-05-01 00:00:00,Searching,Looking,True,False,,,,,,,,,,"=RIGHT(T475,2)",,True,True,True,True,False,
476,MS,2026-05-01 00:00:00,Searching,Looking,True,False,,,,,,,,,,"=RIGHT(T476,2)",,True,True,True,True,False,
477,MS,2026-01-01 00:00:00,Working,Working,True,True,AWS,AWS,swe,Software Engineer,,,,,,"=RIGHT(T477,2)",,True,True,True,True,True,working_missing_state
478,Undergraduate,2026-05-01 00:00:00,Working,Working,True,True,BAE Systems,BAE Systems,Software Engineer,Software Engineer,,,,,"Nashua, NH",NH,NH,True,False,True,True,True,
479,Undergraduate,2026-05-01 00:00:00,Continuing Ed,Continuing Education,True,True,,,,,UMass CICS,UMass Amherst,MSMS,MS,,"=RIGHT(T479,2)",,True,False,True,False,False,
480,Undergraduate,2026-05-01 00:00:00,Continuing Ed,Continuing Education,True,True,,,,,UMass CICS,UMass Amherst,MSMS,MS,,"=RIGHT(T480,2)",,False,False,True,False,False,
481,Undergraduate,2026-05-01 00:00:00,Searching,Looking,True,False,#N/A,,#N/A,,#N/A,,#N/A,,#N/A,,,True,False,False,True,True,
482,Undergraduate,2026-01-01 00:00:00,Working,Working,True,True,New Beginnings,New Beginnings,Legal Intern,Legal Intern,,,,,,"=RIGHT(T482,2)",,True,False,True,True,False,working_missing_state
483,Undergraduate,2026-05-01 00:00:00,Searching,Looking,True,False,#N/A,,#N/A,,#N/A,,#N/A,,#N/A,,,True,False,False,False,False,
484,Undergraduate,2026-05-01 00:00:00,Unknown,Unknown,False,False,#N/A,,#N/A,,#N/A,,#N/A,,#N/A,,,False,False,False,True,False,
485,Undergraduate,2026-05-01 00:00:00,Working,Working,True,True,Oracle,Oracle,Software Engineer,Software Engineer,,,,,"San Francisco Bay Area, CA",CA,CA,True,False,True,True,False,
486,Undergraduate,2026-05-01 00:00:00,Continuing Ed,Continuing Education,True,True,,,,,UMass DACSS,UMass DACSS,MSMS,MS,,,,True,False,True,False,False,
487,Undergraduate,2026-05-01 00:00:00,Searching,Looking,True,False,#N/A,,#N/A,,#N/A,,#N/A,,#N/A,,,True,False,False,False,False,
488,Undergraduate,2026-05-01 00:00:00,Unknown,Unknown,False,False,#N/A,,#N/A,,#N/A,,#N/A,,#N/A,,,True,False,False,False,False,
489,Undergraduate,2026-05-01 00:00:00,Unknown,Unknown,False,False,#N/A,,#N/A,,#N/A,,#N/A,,#N/A,,,True,False,False,True,False,
490,Undergraduate,2026-05-01 00:00:00,Unknown,Unknown,False,False,#N/A,,#N/A,,#N/A,,#N/A,,#N/A,,,False,False,False,False,False,
491,Undergraduate,2026-05-01 00:00:00,Unknown,Unknown,False,False,#N/A,,#N/A,,#N/A,,#N/A,,#N/A,,,True,False,False,False,False,
492,Undergraduate,2026-05-01 00:00:00,Unknown,Unknown,False,False,#N/A,,#N/A,,#N/A,,#N/A,,#N/A,,,True,False,False,False,False,
493,Undergraduate,2026-05-01 00:00:00,Unknown,Unknown,False,False,#N/A,,#N/A,,#N/A,,#N/A,,#N/A,,,True,False,False,False,False,
494,Undergraduate,2026-05-01 00:00:00,Searching,Looking,True,False,#N/A,,#N/A,,#N/A,,#N/A,,#N/A,,,True,False,False,True,True,
495,Undergraduate,2026-05-01 00:00:00,Continuing Ed,Continuing Education,True,True,,,,,UMass CICS,UMass Amherst,MSMS,MS,,"=RIGHT(T495,2)",,True,False,True,True,False,
496,Undergraduate,2026-05-01 00:00:00,Unknown,Unknown,False,False,#N/A,,#N/A,,#N/A,,#N/A,,#N/A,,,True,False,False,False,False,
497,Undergraduate,2026-05-01 00:00:00,Unknown,Unknown,False,False,#N/A,,#N/A,,#N/A,,#N/A,,#N/A,,,True,False,False,False,False,
498,Undergraduate,2026-05-01 00:00:00,Searching,Looking,True,False,#N/A,,#N/A,,#N/A,,#N/A,,#N/A,,,True,True,False,True,True,
499,Undergraduate,2026-05-01 00:00:00,Searching,Looking,True,False,#N/A,,#N/A,,#N/A,,#N/A,,#N/A,,,True,False,False,False,False,
500,MS,2026-05-01 00:00:00,Searching,Looking,True,False,,,,,,,,,,"=RIGHT(T500,2)",,True,True,True,True,True,
501,MS,2026-05-01 00:00:00,Searching,Looking,True,False,,,,,,,,,,"=RIGHT(T501,2)",,True,True,True,True,True,
502,MS,2026-05-01 00:00:00,Searching,Looking,True,False,,,,,,,,,,"=RIGHT(T502,2)",,True,True,True,True,True,
503,Undergraduate,2026-05-01 00:00:00,Continuing Ed,Continuing Education,True,True,,,,,UMass CICS,UMass Amherst,MSMS,MS,,"=RIGHT(T503,2)",,False,False,True,True,False,
504,Undergraduate,2026-05-01 00:00:00,Unknown,Unknown,False,False,#N/A,,#N/A,,#N/A,,#N/A,,#N/A,,,True,False,False,True,True,
505,Undergraduate,2026-05-01 00:00:00,Working,Working,True,True,Google,Google,Software Engineer,Software Engineer,,,,,,"=RIGHT(T505,2)",,True,False,True,True,False,working_missing_state
506,Undergraduate,2026-05-01 00:00:00,Continuing Ed,Continuing Education,True,True,,,,,UMass Amherst,UMass Amherst,MSMS,MS,,"=RIGHT(T506,2)",,False,False,True,True,True,
507,Undergraduate,2026-05-01 00:00:00,Unknown,Unknown,False,False,#N/A,,#N/A,,#N/A,,#N/A,,#N/A,,,True,False,False,False,False,
508,Undergraduate,2026-05-01 00:00:00,Unknown,Unknown,False,False,#N/A,,#N/A,,#N/A,,#N/A,,#N/A,,,True,False,False,False,False,
509,Undergraduate,2026-05-01 00:00:00,Unknown,Unknown,False,False,#N/A,,#N/A,,#N/A,,#N/A,,#N/A,,,False,False,False,False,False,
510,Undergraduate,2026-05-01 00:00:00,Not seeking,Not Seeking,True,False,#N/A,,#N/A,,#N/A,,#N/A,,#N/A,,,True,True,False,False,False,
511,Undergraduate,2026-05-01 00:00:00,Searching,Looking,True,False,#N/A,,#N/A,,#N/A,,#N/A,,#N/A,,,True,False,False,False,False,
512,MS,2026-05-01 00:00:00,Searching,Looking,True,False,,,,,,,,,,"=RIGHT(T512,2)",,True,True,True,True,True,
513,MS,2026-05-01 00:00:00,Searching,Looking,True,False,,,,,,,,,,"=RIGHT(T513,2)",,True,True,True,True,True,
514,PhD,2026-05-01 00:00:00,Unknown,Unknown,False,False,#N/A,,#N/A,,#N/A,,,,#N/A,,,True,True,False,True,False,
515,MS,2026-05-01 00:00:00,Searching,Looking,True,False,,,,,,,,,,"=RIGHT(T515,2)",,True,True,True,True,True,
516,MS,2026-05-01 00:00:00,Searching,Looking,True,False,,,,,,,,,,"=RIGHT(T516,2)",,True,True,True,True,True,
517,PhD,2026-05-01 00:00:00,Unknown,Unknown,False,False,#N/A,,#N/A,,#N/A,,,,#N/A,,,True,True,False,False,False,
518,Undergraduate,2026-05-01 00:00:00,Continuing Ed,Continuing Education,True,True,,,,,UMass CICS,UMass Amherst,MSMS,MS,,"=RIGHT(T518,2)",,False,False,True,True,False,
519,Undergraduate,2026-05-01 00:00:00,Working,Working,True,True,John Hancock,John Hancock,Software Engineer (2 year rotational program),Software Engineer (2 Year Rotational Program),,,,,"Boston, MA",MA,MA,True,False,True,True,False,
520,Undergraduate,2026-05-01 00:00:00,Working,Working,True,True,Fidelity Investments,Fidelity Investments,Data Science Associate,Data Science Associate,,,,,"New York City, New York",NY,NY,True,False,True,True,True,
521,Undergraduate,2026-05-01 00:00:00,Searching,Looking,True,False,#N/A,,#N/A,,#N/A,,#N/A,,#N/A,,,True,True,False,True,False,
522,Undergraduate,2026-05-01 00:00:00,Searching,Looking,True,False,#N/A,,#N/A,,#N/A,,#N/A,,#N/A,,,True,True,False,True,True,
523,MS,2026-05-01 00:00:00,Searching,Looking,True,False,,,,,,,,,,"=RIGHT(T523,2)",,True,True,True,True,True,
524,MS,2026-05-01 00:00:00,Searching,Looking,True,False,,,,,,,,,,"=RIGHT(T524,2)",,True,True,True,True,True,
525,MS,2026-05-01 00:00:00,Unknown,Unknown,False,False,#N/A,,#N/A,,#N/A,,,,#N/A,,,True,True,False,False,False,
526,Undergraduate,2026-05-01 00:00:00,Working,Working,True,True,Blueflame AI,Blueflame AI,Product Engineer,Product Engineer,,,,,,"=RIGHT(T526,2)",,True,False,True,False,False,working_missing_state
527,MS,2026-05-01 00:00:00,Searching,Looking,True,False,,,,,,,,,,"=RIGHT(T527,2)",,True,True,True,True,True,
528,Undergraduate,2026-05-01 00:00:00,Working,Working,True,True,Schneider Electric,Schneider Electric,DevOps Co-op,DevOps Co-op,,,,,Andover MA,MA,MA,True,False,True,True,True,
529,MS,2026-05-01 00:00:00,Unknown,Unknown,False,False,#N/A,,#N/A,,#N/A,,,,#N/A,,,False,True,False,True,False,
530,Undergraduate,2026-05-01 00:00:00,Continuing Ed,Continuing Education,True,True,,,,,UMass CICS,UMass Amherst,MSMS,MS,,"=RIGHT(T530,2)",,False,False,True,True,False,
531,Undergraduate,2026-05-01 00:00:00,Working,Working,True,True,Liberty Mutual,Liberty Mutual,Technology TechStart,Technology TechStart,,,,,,"=RIGHT(T531,2)",,False,False,True,True,True,working_missing_state
532,MS,2026-01-01 00:00:00,Working,Working,True,True,MathWorks,MathWorks,EDG,EDG,,,,,,"=RIGHT(T532,2)",,True,False,True,True,False,working_missing_state
533,MS,2026-05-01 00:00:00,Working,Working,True,True,,,Machine Learning Intern,Machine Learning Intern,,,,,"Fremont, CA",CA,CA,True,True,True,False,False,working_missing_employer
534,Undergraduate,2026-05-01 00:00:00,Working,Working,True,True,Suno,Suno,Software Engineer,Software Engineer,,,,,"Cambridge, MA",MA,MA,False,False,True,True,False,
535,Undergraduate,2026-05-01 00:00:00,Working,Working,True,True,Fidelity,Fidelity Investments,Software Engineer,Software Engineer,,,,,,"=RIGHT(T535,2)",,True,False,True,True,False,working_missing_state
536,Undergraduate,2026-05-01 00:00:00,Continuing Ed,Continuing Education,True,True,#N/A,,#N/A,,#N/A,,#N/A,,#N/A,,,True,False,False,True,False,continuing_ed_missing_school
537,MS,2026-05-01 00:00:00,Searching,Looking,True,False,,,,,,,,,,"=RIGHT(T537,2)",,True,True,True,True,True,
538,Undergraduate,2026-05-01 00:00:00,Searching,Looking,True,False,#N/A,,#N/A,,#N/A,,#N/A,,#N/A,,,True,False,False,False,False,
539,MS,2026-05-01 00:00:00,Searching,Looking,True,False,,,,,,,,,,"=RIGHT(T539,2)",,True,True,True,False,True,
540,MS,2026-05-01 00:00:00,Unknown,Unknown,False,False,#N/A,,#N/A,,#N/A,,,,#N/A,,,True,True,False,False,False,
541,Undergraduate,2026-05-01 00:00:00,Continuing Ed,Continuing Education,True,True,,,,,,,MSMS,MS,,"=RIGHT(T541,2)",,True,True,True,False,False,continuing_ed_missing_school
542,MS,2026-05-01 00:00:00,Unknown,Unknown,False,False,#N/A,,#N/A,,#N/A,,,,#N/A,,,True,True,False,False,False,
543,MS,2026-05-01 00:00:00,Unknown,Unknown,False,False,#N/A,,#N/A,,#N/A,,,,#N/A,,,False,True,False,False,False,
544,MS,2026-05-01 00:00:00,Unknown,Unknown,False,False,#N/A,,#N/A,,#N/A,,,,#N/A,,,True,True,False,True,False,
545,Undergraduate,2026-05-01 00:00:00,Searching,Looking,True,False,#N/A,,#N/A,,#N/A,,#N/A,,#N/A,,,True,False,False,False,False,
546,Undergraduate,2026-05-01 00:00:00,Searching,Looking,True,False,#N/A,,#N/A,,#N/A,,#N/A,,#N/A,,,True,False,False,True,False,
547,MS,2026-05-01 00:00:00,Unknown,Unknown,False,False,#N/A,,#N/A,,#N/A,,,,#N/A,,,True,True,False,False,False,
548,Undergraduate,2026-05-01 00:00:00,Continuing Ed,Continuing Education,True,True,,,,,UMass CICS,UMass Amherst,MSMS,MS,,"=RIGHT(T548,2)",,False,False,True,True,False,
549,Undergraduate,2026-01-01 00:00:00,Continuing Ed,Continuing Education,True,True,,,,,UMass Amherst,UMass Amherst,MSMS,MS,,"=RIGHT(T549,2)",,True,True,True,True,True,
550,Undergraduate,2026-05-01 00:00:00,Unknown,Unknown,False,False,#N/A,,#N/A,,#N/A,,#N/A,,#N/A,,,True,False,False,False,False,
551,MS,2026-05-01 00:00:00,Searching,Looking,True,False,,,,,,,,,,"=RIGHT(T551,2)",,True,False,True,True,False,
552,Undergraduate,2026-05-01 00:00:00,Continuing Ed,Continuing Education,True,True,,,,,UMass CICS,UMass Amherst,MSMS,MS,,"=RIGHT(T552,2)",,False,False,True,True,True,
553,MS,2026-05-01 00:00:00,Searching,Looking,True,False,#N/A,,#N/A,,#N/A,,,,#N/A,,,True,False,False,True,True,
554,MS,2026-05-01 00:00:00,Searching,Looking,True,False,#N/A,,#N/A,,#N/A,,,,#N/A,,,True,False,False,True,True,
555,MS,2026-05-01 00:00:00,Searching,Looking,True,False,#N/A,,#N/A,,#N/A,,,,#N/A,,,True,False,False,True,True,
556,MS,2026-05-01 00:00:00,Searching,Looking,True,False,,,,,,,,,,"=RIGHT(T556,2)",,True,True,True,True,True,
557,MS,2026-05-01 00:00:00,Unknown,Unknown,False,False,#N/A,,#N/A,,#N/A,,,,#N/A,,,True,False,False,True,True,
558,MS,2026-05-01 00:00:00,Searching,Looking,True,False,#N/A,,#N/A,,#N/A,,,,#N/A,,,True,False,False,True,False,
559,MS,2026-05-01 00:00:00,Searching,Looking,True,False,,,,,,,,,,"=RIGHT(T559,2)",,True,False,True,True,True,
560,Undergraduate,2026-05-01 00:00:00,Working,Working,True,True,Marriott International,Marriott International,Software Engineer,Software Engineer,,,,,MD,MD,MD,True,False,True,True,True,
561,MS,2026-05-01 00:00:00,Searching,Looking,True,False,#N/A,,#N/A,,#N/A,,,,#N/A,,,True,False,False,True,True,
562,MS,2026-05-01 00:00:00,Unknown,Unknown,False,False,#N/A,,#N/A,,#N/A,,,,#N/A,,,True,False,False,True,True,
563,MS,2026-05-01 00:00:00,Unknown,Unknown,False,False,#N/A,,#N/A,,#N/A,,,,#N/A,,,False,False,False,False,False,
564,MS,2026-05-01 00:00:00,Searching,Looking,True,False,#N/A,,#N/A,,#N/A,,,,#N/A,,,True,False,False,True,True,
565,Undergraduate,2026-01-01 00:00:00,Working,Working,True,True,Travelers,Travelers,Data Engineer,Data Engineer,,,,,"Hartford, CT",CT,CT,True,False,True,True,False,
566,Undergraduate,2026-05-01 00:00:00,Working,Working,True,True,Fidelity,Fidelity Investments,LEAP SWE,LEAP SWE,,,,,,"=RIGHT(T566,2)",,True,False,True,True,False,working_missing_state
567,Undergraduate,2026-01-01 00:00:00,Working,Working,True,True,Fidelity Investments,Fidelity Investments,Associate Software Engineer,Associate Software Engineer,,,,,,"=RIGHT(T567,2)",,True,False,True,True,True,working_missing_state
568,MS,2026-05-01 00:00:00,Unknown,Unknown,False,False,Umass Amherst,Umass Amherst,Roboticist,Roboticist,,,,,"Houston, TX",TX,TX,True,False,True,False,False,
569,MS,2026-05-01 00:00:00,Searching,Looking,True,False,,,,,,,,,,"=RIGHT(T569,2)",,True,True,True,True,False,
570,MS,2026-05-01 00:00:00,Searching,Looking,True,False,#N/A,,#N/A,,#N/A,,,,#N/A,,,True,False,False,False,False,
571,MS,2026-05-01 00:00:00,Searching,Looking,True,False,,,,,,,,,,"=RIGHT(T571,2)",,True,True,True,False,False,
572,MS,2026-05-01 00:00:00,Unknown,Unknown,False,False,#N/A,,#N/A,,#N/A,,,,#N/A,,,True,False,False,False,False,
573,MS,2026-05-01 00:00:00,Working,Working,True,True,Attentive.ai,Attentive.ai,AI Research Scientist,AI Research Scientist,,,,,"San Jose, CA",CA,CA,True,False,True,True,True,
574,Undergraduate,2026-01-01 00:00:00,Working,Working,True,True,Advisor360,Advisor360,Analyst 1,Analyst 1,,,,,,"=RIGHT(T574,2)",,False,False,True,False,False,working_missing_state
575,Undergraduate,2026-05-01 00:00:00,Continuing Ed,Continuing Education,True,True,,,,,University of Massachusetts Amherst,UMass Amherst,MSMS,MS,,"=RIGHT(T575,2)",,True,False,True,True,True,
576,Undergraduate,2026-05-01 00:00:00,Continuing Ed,Continuing Education,True,True,,,,,UMass CICS,UMass Amherst,MSMS,MS,,"=RIGHT(T576,2)",,False,False,True,False,False,
577,Undergraduate,2026-01-01 00:00:00,Working,Working,True,True,Fidelity,Fidelity Investments,Cloud Engineer,Cloud Engineer,,,,,,"=RIGHT(T577,2)",,True,False,True,True,False,working_missing_state
578,Undergraduate,2026-02-01 00:00:00,Working,Working,True,True,PRODATA,PRODATA,AI engineer,AI Engineer,,,,,"Baku,Azerbaijan",Int'l,INT'L,True,False,True,True,False,
579,MS,2026-05-01 00:00:00,Unknown,Unknown,False,False,#N/A,,#N/A,,#N/A,,,,#N/A,,,True,False,False,True,False,
580,MS,2026-05-01 00:00:00,Searching,Looking,True,False,,,,,,,,,,"=RIGHT(T580,2)",,True,False,True,True,True,
581,MS,2026-05-01 00:00:00,Searching,Looking,True,False,#N/A,,#N/A,,#N/A,,,,#N/A,,,True,False,False,False,False,
582,Undergraduate,2026-01-01 00:00:00,Working,Working,True,True,Eltropy,Eltropy,AI Implementation Manager,AI Implementation Manager,,,,,"Santa Clara, CA",CA,CA,True,False,True,True,False,
583,Undergraduate,2026-01-01 00:00:00,Working,Working,True,True,Dell,Dell,Software Engineer,Software Engineer,,,,,,"=RIGHT(T583,2)",,True,False,True,False,False,working_missing_state
584,Undergraduate,2026-01-01 00:00:00,Working,Working,True,True,Walmart Global Tech,Walmart Global Tech,Software Engineer,Software Engineer,,,,,"Bentonville, AR",AR,AR,True,False,True,False,False,
585,Undergraduate,2026-01-01 00:00:00,Working,Working,True,True,FactSet,FactSet,Software Engineer,Software Engineer,,,,,"Norwalk, CT",CT,CT,True,False,True,True,False,
586,Undergraduate,2026-01-01 00:00:00,Working,Working,True,True,Big Bark Publishing,Big Bark Publishing,Freelance Analyst,Freelance Analyst,,,,,,"=RIGHT(T586,2)",,True,False,True,False,False,working_missing_state
587,Undergraduate,2026-01-01 00:00:00,Working,Working,True,True,Susquehanna International Group,Susquehanna International Group,Quantitative Trader,Quantitative Trader,,,,,"Philadelphia, PA",PA,PA,True,False,True,True,False,
588,MS,2026-05-01 00:00:00,Unknown,Unknown,False,False,#N/A,,#N/A,,#N/A,,,,#N/A,,,True,False,False,True,True,
589,Undergraduate,2026-01-01 00:00:00,Working,Working,True,True,IBM,IBM,Software Engineer,Software Engineer,,,,,"Lowell, MA",MA,MA,True,False,True,True,True,
590,MS,2026-05-01 00:00:00,Unknown,Unknown,False,False,#N/A,,#N/A,,#N/A,,,,#N/A,,,False,False,False,True,False,
591,Undergraduate,2026-01-01 00:00:00,Working,Working,True,True,IBM,IBM,Entry Level Software Developer,Entry Level Software Developer,,,,,,"=RIGHT(T591,2)",,True,True,True,False,False,working_missing_state
592,MS,2026-05-01 00:00:00,Searching,Looking,True,False,,,,,,,,,,"=RIGHT(T592,2)",,True,True,True,True,False,
593,Undergraduate,2026-01-01 00:00:00,Working,Working,True,True,Travelers,Travelers,Data Analytics Consultant,Data Analytics Consultant,,,,,,"=RIGHT(T593,2)",,True,False,True,True,True,working_missing_state
594,Undergraduate,2026-05-01 00:00:00,Working,Working,True,True,Epsilon,Epsilon,Software Engineer,Software Engineer,,,,,"Boston, MA",MA,MA,False,False,True,True,False,
595,MS,2026-05-01 00:00:00,Unknown,Unknown,False,False,#N/A,,#N/A,,#N/A,,,,#N/A,,,True,False,False,True,True,
596,MS,2026-05-01 00:00:00,Unknown,Unknown,False,False,#N/A,,#N/A,,#N/A,,,,#N/A,,,True,False,False,False,False,
597,Undergraduate,2026-05-01 00:00:00,Searching,Looking,True,False,,,,,,,,,,"=RIGHT(T597,2)",,True,True,True,True,True,
598,Undergraduate,2026-01-01 00:00:00,Working,Working,True,True,Apolis,Apolis,iOS Developer,IOS Developer,,,,,,"=RIGHT(T598,2)",,True,False,True,True,False,working_missing_state
599,MS,2026-05-01 00:00:00,Unknown,Unknown,False,False,#N/A,,#N/A,,#N/A,,,,#N/A,,,True,False,False,False,False,
600,MS,2026-05-01 00:00:00,Unknown,Unknown,False,False,#N/A,,#N/A,,#N/A,,,,#N/A,,,True,False,False,True,True,
601,Undergraduate,2026-05-01 00:00:00,Working,Working,True,True,FAST Enterprises,FAST Enterprises,Implementation Consultant,Implementation Consultant,,,,,Multiple Locations,,,False,False,True,True,False,working_missing_state
602,Undergraduate,2026-05-01 00:00:00,Working,Working,True,True,Google,Google,Software Engineer,Software Engineer,,,,,Cambridge MA,MA,MA,False,False,True,False,False,
603,MS,2026-05-01 00:00:00,Searching,Looking,True,False,#N/A,,#N/A,,#N/A,,,,#N/A,,,True,False,False,False,False,
604,MS,2026-05-01 00:00:00,Searching,Looking,True,False,,,,,,,,,,"=RIGHT(T604,2)",,True,False,True,True,True,
605,MS,2026-05-01 00:00:00,Searching,Looking,True,False,,,,,,,,,,"=RIGHT(T605,2)",,True,True,True,True,True,
606,MS,2026-01-01 00:00:00,Continuing Ed,Continuing Education,True,True,,,,,,,,,,"=RIGHT(T606,2)",,True,True,True,True,True,continuing_ed_missing_school
607,MS,2026-05-01 00:00:00,Working,Working,True,True,Unknown,,Unknown,,,,,,,"=RIGHT(T607,2)",,True,True,True,True,True,working_missing_employer;working_missing_role;working_missing_state
608,MS,2026-05-01 00:00:00,Working,Working,True,True,Blue Origin,Blue Origin,Avionics Software Engineer,Avionics Software Engineer,,,,,,"=RIGHT(T608,2)",,True,True,True,False,False,working_missing_state
609,MS,2026-05-01 00:00:00,Working,Working,True,True,Cisco,Cisco,,,,,,,,"=RIGHT(T609,2)",,True,True,True,True,False,working_missing_role;working_missing_state
610,MS,2026-05-01 00:00:00,Working,Working,True,True,MathWorks,MathWorks,EDG,EDG,,,,,,"=RIGHT(T610,2)",,True,False,True,True,False,working_missing_state
611,MS,2026-05-01 00:00:00,Working,Working,True,True,Meta,Meta,,,,,,,,"=RIGHT(T611,2)",,True,False,True,True,False,working_missing_role;working_missing_state
612,MS,2026-05-01 00:00:00,Working,Working,True,True,Oracle,Oracle,Software Engineer,Software Engineer,,,,,"Redwood Shores, CA",CA,CA,True,False,True,True,False,
613,MS,2026-05-01 00:00:00,Working,Working,True,True,Adobe,Adobe,Research Scientist,Research Scientist,,,,,"San Jose, CA",CA,CA,True,True,True,True,False,
614,MS,2026-05-01 00:00:00,Working,Working,True,True,Google,Google,Software Engineer,Software Engineer,,,,,"Sunnyvale, CA",CA,CA,True,False,True,True,True,
615,MS,2026-05-01 00:00:00,Working,Working,True,True,Walmart Global Tech,Walmart Global Tech,Data Scientist,Data Scientist,,,,,"Sunnyvale, CA",CA,CA,True,False,True,True,True,
616,MS,2026-05-01 00:00:00,Working,Working,True,True,Tiktok,Tiktok,Swe,Software Engineer,,,,,"San jose, CA",CA,CA,True,False,True,True,False,
617,MS,2026-05-01 00:00:00,Working,Working,True,True,PayPal,PayPal,Software Engineer,Software Engineer,,,,,"San Jose, CA",CA,CA,True,True,True,True,True,
618,MS,2026-05-01 00:00:00,Working,Working,True,True,Cigna,Cigna,Infrastructure Engineer,Infrastructure Engineer,,,,,"Bloomfield, CT",CT,CT,True,True,True,False,False,
619,MS,2026-05-01 00:00:00,Working,Working,True,True,pfizer,Pfizer,Data Analyst? Liz is filling this out,Data Analyst,,,,,Andover MA,MA,MA,False,True,True,False,False,
620,MS,2026-05-01 00:00:00,Working,Working,True,True,Dassault Systemes,Dassault Systemes,AI Software Engineer,AI Software Engineer,,,,,"Waltham, MA",MA,MA,True,True,True,True,False,
621,MS,2026-05-01 00:00:00,Working,Working,True,True,Advanced Micro Devices (AMD),Advanced Micro Devices (AMD),AI Software Engineer II,AI Software Engineer II,,,,,"Boxborough, MA",MA,MA,True,False,True,False,False,
622,MS,2026-05-01 00:00:00,Working,Working,True,True,The MITRE Corporation,The MITRE Corporation,Network Engineer,Network Engineer,,,,,"Boston, MA",MA,MA,True,True,True,False,False,
623,MS,2026-05-01 00:00:00,Unknown,Unknown,False,False,#N/A,,#N/A,,#N/A,,,,#N/A,,,True,False,False,True,True,
624,MS,2026-05-01 00:00:00,Working,Working,True,True,Fidelity Investments,Fidelity Investments,Associate Software Engineer,Associate Software Engineer,,,,,"Merrimack, NH",NH,NH,True,True,True,True,False,
625,MS,2026-05-01 00:00:00,Working,Working,True,True,Fidelity Investments,Fidelity Investments,Software Engineer,Software Engineer,,,,,"Merrimack, NH",NH,NH,True,True,True,True,False,
626,MS,2026-05-01 00:00:00,Working,Working,True,True,Five Rings Capital,Five Rings Capital,Trading Desk Software Engineer,Trading Desk Software Engineer,,,,,"New York, NY",NY,NY,True,True,True,False,False,
627,MS,2026-05-01 00:00:00,Working,Working,True,True,Unknown,,Tech Lead / Founding Engineer,Tech Lead / Founding Engineer,,,,,,RI,RI,True,True,True,True,False,working_missing_employer
628,MS,2026-05-01 00:00:00,Working,Working,True,True,Capital One,Capital One,Software Engineer,Software Engineer,,,,,"Mclean, VA",VA,VA,True,True,True,True,True,
629,MS,2026-05-01 00:00:00,Working,Working,True,True,Amazon,Amazon,Software Engineer,Software Engineer,,,,,"Arlington, VA",VA,VA,True,True,True,False,False,
630,MS,2026-05-01 00:00:00,Searching,Looking,True,False,,,,,,,,,,"=RIGHT(T630,2)",,True,True,True,True,True,
631,MS,2026-05-01 00:00:00,Working,Working,True,True,Microsoft,Microsoft,Software Engineer,Software Engineer,,,,,"Redmond, WA",WA,WA,True,True,True,True,True,
632,MS,2026-05-01 00:00:00,Working,Working,True,True,Meta,Meta,Data Engineer,Data Engineer,,,,,"Seattle, WA",WA,WA,True,True,True,True,True,
633,MS,2026-05-01 00:00:00,Working,Working,True,True,Apple,Apple,Software Engineer,Software Engineer,,,,,"Seattle, WA",WA,WA,True,True,True,True,True,
634,MS,2026-05-01 00:00:00,Working,Working,True,True,NVIDIA,NVIDIA,Software Engineer,Software Engineer,,,,,"Seattle, WA",WA,WA,True,False,True,True,False,
635,MS,2026-05-01 00:00:00,Searching,Looking,True,False,,,,,,,,,,"=RIGHT(T635,2)",,True,False,True,False,False,
636,MS,2026-05-01 00:00:00,Unknown,Unknown,False,False,#N/A,,#N/A,,#N/A,,,,#N/A,,,True,False,False,True,False,
637,MS,2026-05-01 00:00:00,Unknown,Unknown,False,False,#N/A,,#N/A,,#N/A,,,,#N/A,,,True,False,False,True,True,
638,MS,2026-05-01 00:00:00,Searching,Looking,True,False,,,,,,,,,,"=RIGHT(T638,2)",,True,False,True,True,True,
639,MS,2026-05-01 00:00:00,Unknown,Unknown,False,False,#N/A,,#N/A,,#N/A,,,,#N/A,,,True,False,False,False,False,
640,MS,2026-05-01 00:00:00,Unknown,Unknown,False,False,Capital One,Capital One,Software Engineer Intern,Software Engineer Intern,,,,,"McLean, VA",VA,VA,True,True,True,True,False,
641,MS,2026-05-01 00:00:00,Unknown,Unknown,False,False,Klaviyo,Klaviyo,Software Engineer Intern,Software Engineer Intern,,,,,"Boston, MA",MA,MA,True,False,True,True,True,
642,MS,2026-05-01 00:00:00,Working,Working,True,True,Mesta,Mesta,Software Engineer,Software Engineer,,,,,,"=RIGHT(T642,2)",,True,False,True,True,True,working_missing_state
643,MS,2026-05-01 00:00:00,Searching,Looking,True,False,,,,,,,,,,"=RIGHT(T643,2)",,True,True,True,True,True,
644,PhD,2026-01-01 00:00:00,Searching,Looking,True,False,,,,,,,,,,"=RIGHT(T644,2)",,True,True,True,True,True,
645,PhD,2026-01-01 00:00:00,Searching,Looking,True,False,,,,,,,,,,"=RIGHT(T645,2)",,True,True,True,False,False,
646,MS,2026-05-01 00:00:00,Unknown,Unknown,False,False,#N/A,,#N/A,,#N/A,,,,#N/A,,,False,False,False,True,False,
647,MS,2026-01-01 00:00:00,Searching,Looking,True,False,NASA Langley Research Center,NASA Langley Research Center,Data Visualization/AI Intenr,Data Visualization/AI Intenr,,,,,"Hampton, VA",VA,VA,True,False,True,False,False,
648,MS,2026-01-01 00:00:00,Searching,Looking,True,False,Foresight AI Inc,Foresight AI Inc,ML Software Engineer Intern,ML Software Engineer Intern,,,,,,"=RIGHT(T648,2)",,True,True,True,True,True,
649,Undergraduate,2026-05-01 00:00:00,Searching,Looking,True,False,,,,,,,,,,"=RIGHT(T649,2)",,True,False,True,True,True,
650,MS,2026-01-01 00:00:00,Searching,Looking,True,False,,,,,,,,,,"=RIGHT(T650,2)",,True,True,True,False,False,
651,MS,2026-01-01 00:00:00,Searching,Looking,True,False,,,,,,,,,,"=RIGHT(T651,2)",,True,True,True,True,False,
652,PhD,2026-01-01 00:00:00,Searching,Looking,True,False,,,,,,,,,,"=RIGHT(T652,2)",,True,True,True,True,True,
653,MS,2026-01-01 00:00:00,Searching,Looking,True,False,,,,,,,,,,"=RIGHT(T653,2)",,True,True,True,True,True,
654,MS,2026-01-01 00:00:00,Searching,Looking,True,False,,,,,,,,,,"=RIGHT(T654,2)",,True,True,True,True,True,
655,MS,2026-01-01 00:00:00,Searching,Looking,True,False,,,,,,,,,,"=RIGHT(T655,2)",,True,True,True,False,False,
656,MS,2026-05-01 00:00:00,Continuing Ed,Continuing Education,True,True,,,,,UMass Amherst,UMass Amherst,,,,"=RIGHT(T656,2)",,True,True,True,False,False,
657,MS,2026-01-01 00:00:00,Searching,Looking,True,False,,,,,,,,,,"=RIGHT(T657,2)",,True,False,True,True,True,
658,MS,2026-01-01 00:00:00,Searching,Looking,True,False,,,,,,,,,,"=RIGHT(T658,2)",,True,True,True,True,True,
659,PhD,2026-05-01 00:00:00,Unknown,Unknown,False,False,Amazon,Amazon,Applied Scientist Intern,Applied Scientist Intern,,,,,,"=RIGHT(T659,2)",,False,False,True,False,False,
660,MS,2026-01-01 00:00:00,Searching,Looking,True,False,,,,,,,,,,"=RIGHT(T660,2)",,True,True,True,True,True,
661,MS,2026-01-01 00:00:00,Searching,Looking,True,False,,,,,,,,,,"=RIGHT(T661,2)",,True,True,True,True,True,
662,MS,2026-01-01 00:00:00,Searching,Looking,True,False,,,,,,,,,,"=RIGHT(T662,2)",,True,True,True,True,True,
663,MS,2026-01-01 00:00:00,Searching,Looking,True,False,,,,,,,,,,"=RIGHT(T663,2)",,True,True,True,False,False,
664,MS,2026-01-01 00:00:00,Searching,Looking,True,False,,,,,,,,,,"=RIGHT(T664,2)",,True,True,True,True,False,
665,MS,2026-05-01 00:00:00,Unknown,Unknown,False,False,#N/A,,#N/A,,#N/A,,,,#N/A,,,True,False,False,False,False,
666,MS,2026-05-01 00:00:00,Unknown,Unknown,False,False,#N/A,,#N/A,,#N/A,,,,#N/A,,,True,False,False,True,True,
667,MS,2026-05-01 00:00:00,Continuing Ed,Continuing Education,True,True,,,,,"Manning CICS, UMass Amherst",UMass Amherst,,,,"=RIGHT(T667,2)",,True,True,True,False,False,
668,MS,2026-05-01 00:00:00,Unknown,Unknown,False,False,#N/A,,#N/A,,#N/A,,,,#N/A,,,False,False,False,False,False,
669,Undergraduate,2025-09-01 00:00:00,Searching,Looking,True,False,,,,,,,,,,"=RIGHT(T669,2)",,True,True,True,False,False,
670,MS,2026-05-01 00:00:00,Searching,Looking,True,False,#N/A,,#N/A,,#N/A,,,,#N/A,,,True,False,False,True,False,
671,Undergraduate,2026-01-01 00:00:00,Searching,Looking,True,False,,,,,,,,,,"=RIGHT(T671,2)",,True,True,True,True,True,
672,MS,2026-01-01 00:00:00,Continuing Ed,Continuing Education,True,True,NVIDIA,NVIDIA,,,,,,,,"=RIGHT(T672,2)",,True,False,True,True,False,continuing_ed_missing_school
673,Undergraduate,2026-01-01 00:00:00,Searching,Looking,True,False,,,,,,,,,,"=RIGHT(T673,2)",,True,True,True,False,False,
674,MS,2026-05-01 00:00:00,Searching,Looking,True,False,#N/A,,#N/A,,#N/A,,,,#N/A,,,True,False,False,True,True,
675,Undergraduate,2026-01-01 00:00:00,Searching,Looking,True,False,,,,,,,,,,"=RIGHT(T675,2)",,True,True,True,False,False,
676,Undergraduate,2026-01-01 00:00:00,Searching,Looking,True,False,,,,,,,,,,"=RIGHT(T676,2)",,True,True,True,True,False,
677,Undergraduate,2026-01-01 00:00:00,Searching,Looking,True,False,,,,,,,,,,"=RIGHT(T677,2)",,True,True,True,True,False,
678,PhD,2026-05-01 00:00:00,Unknown,Unknown,False,False,#N/A,,#N/A,,#N/A,,,,#N/A,,,False,False,False,False,False,
679,Undergraduate,2026-01-01 00:00:00,Searching,Looking,True,False,,,,,,,,,,"=RIGHT(T679,2)",,False,False,True,True,False,
680,PhD,2026-05-01 00:00:00,Unknown,Unknown,False,False,#N/A,,#N/A,,#N/A,,,,#N/A,,,False,False,False,False,False,
681,PhD,2026-05-01 00:00:00,Unknown,Unknown,False,False,#N/A,,#N/A,,#N/A,,,,#N/A,,,False,False,False,False,False,
682,PhD,2026-05-01 00:00:00,Unknown,Unknown,False,False,#N/A,,#N/A,,#N/A,,,,#N/A,,,False,False,False,False,False,
683,PhD,2026-05-01 00:00:00,Unknown,Unknown,False,False,#N/A,,#N/A,,#N/A,,,,#N/A,,,False,False,False,False,False,
684,MS,2026-05-01 00:00:00,Continuing Ed,Continuing Education,True,True,,,,,UMass Amherst,UMass Amherst,,,,"=RIGHT(T684,2)",,True,True,True,True,True,
685,Undergraduate,2026-01-01 00:00:00,Searching,Looking,True,False,,,,,,,,,,"=RIGHT(T685,2)",,True,True,True,False,False,
686,Undergraduate,2026-01-01 00:00:00,Searching,Looking,True,False,,,,,,,,,,"=RIGHT(T686,2)",,True,True,True,False,False,
687,Undergraduate,2026-01-01 00:00:00,Searching,Looking,True,False,,,,,,,,,,"=RIGHT(T687,2)",,True,True,True,True,True,
688,Undergraduate,2026-01-01 00:00:00,Searching,Looking,True,False,,,,,,,,,,"=RIGHT(T688,2)",,True,True,True,False,False,
689,MS,2026-05-01 00:00:00,Working,Working,True,True,General Dynamucs Mission Systems,General Dynamucs Mission Systems,Software Engineer,Software Engineer,,,,,"Dedham, MA",MA,MA,False,False,True,False,False,
690,Undergraduate,2026-01-01 00:00:00,Searching,Looking,True,False,,,,,,,,,,"=RIGHT(T690,2)",,True,True,True,False,False,
691,Undergraduate,2026-01-01 00:00:00,Searching,Looking,True,False,,,,,,,,,,"=RIGHT(T691,2)",,True,True,True,True,True,
692,MS,2026-05-01 00:00:00,Working,Working,True,True,Cadence Design Systems,Cadence Design Systems,Software Development Engineer 2,Software Development Engineer 2,,,,,"Boston, MA",MA,MA,False,False,True,True,True,
693,Undergraduate,2026-05-01 00:00:00,Continuing Ed,Continuing Education,True,True,Mathworks,MathWorks,EDG Intern,EDG Intern,,,,,,"=RIGHT(T693,2)",,True,False,True,False,False,continuing_ed_missing_school
694,MS,2026-05-01 00:00:00,Working,Working,True,True,Amazon,Amazon,Software Engineer,Software Engineer,,,,,"Bellevue, WA",WA,WA,False,False,True,True,False,
695,Undergraduate,2026-05-01 00:00:00,Continuing Ed,Continuing Education,True,True,,,,,,,MSMS,MS,,"=RIGHT(T695,2)",,True,False,True,True,True,continuing_ed_missing_school
696,MS,2026-05-01 00:00:00,Working,Working,True,True,Chewy,Chewy,Software Engineer,Software Engineer,,,,,Seattle WA,WA,WA,False,False,True,True,True,
697,Undergraduate,2026-05-01 00:00:00,Working,Working,True,True,UNFI,UNFI,Summer IT intern,Summer IT Intern,,,,,Providence/Weymouth,RI,RI,True,True,True,False,False,
698,MS,2026-05-01 00:00:00,Working,Working,True,True,Klaviyo,Klaviyo,AI Engineer,AI Engineer,,,,,"Boston, MA",MA,MA,False,False,True,True,True,
699,Undergraduate,2026-05-01 00:00:00,Searching,Looking,True,False,,,,,,,,,,"=RIGHT(T699,2)",,True,False,True,True,True,
700,MS,2026-05-01 00:00:00,Working,Working,True,True,Accenture,Accenture,Technical Architecture Analyst,Technical Architecture Analyst,,,,,"Arlington, VA",VA,VA,False,False,True,True,True,
701,Undergraduate,2026-01-01 00:00:00,Searching,Looking,True,False,,,,,,,,,,"=RIGHT(T701,2)",,True,True,True,True,True,
702,Undergraduate,2026-01-01 00:00:00,Searching,Looking,True,False,,,,,,,,,,"=RIGHT(T702,2)",,True,False,True,True,True,
703,PhD,2026-01-01 00:00:00,Searching,Looking,True,False,,,,,,,,,,"=RIGHT(T703,2)",,True,True,True,True,True,
704,PhD,2026-01-01 00:00:00,Searching,Looking,True,False,Smith College,Smith College,Lecturer,Lecturer,,,,,,"=RIGHT(T704,2)",,True,True,True,True,False,
705,MS,2026-05-01 00:00:00,Working,Working,True,True,A10 networks,A10 Networks,Senior Machiner Learning Engineer,Senior Machiner Learning Engineer,,,,,San Jose,CA,CA,False,False,True,True,True,
706,MS,2025-09-01 00:00:00,Not seeking,Not Seeking,True,False,,,,,,,,,,"=RIGHT(T706,2)",,True,True,True,True,False,
707,Undergraduate,2026-05-01 00:00:00,Searching,Looking,True,False,,,,,,,,,,"=RIGHT(T707,2)",,True,True,True,False,False,
708,MS,2026-05-01 00:00:00,Working,Working,True,True,Nvidia,NVIDIA,AI Engineer,AI Engineer,,,,,"Santa Clara, CA",CA,CA,False,False,True,False,False,
709,MS,2026-05-01 00:00:00,Working,Working,True,True,NinjaTech AI,NinjaTech AI,Software Engineer,Software Engineer,,,,,"Los Altos, CA",CA,CA,False,False,True,True,True,
710,MS,2026-05-01 00:00:00,Working,Working,True,True,Collins Aerospace,Collins Aerospace,Software Engineer 2,Software Engineer 2,,,,,"Cedar Rapids, Iowa",wa,WA,False,False,True,True,True,
711,Undergraduate,2026-01-01 00:00:00,Searching,Looking,True,False,,,,,,,,,,"=RIGHT(T711,2)",,True,True,True,False,False,
712,MS,2026-05-01 00:00:00,Working,Working,True,True,Epic Systems,Epic Systems,Software Engineer,Software Engineer,,,,,"Madison, WI",WI,WI,False,False,True,True,False,
713,Undergraduate,2026-01-01 00:00:00,Searching,Looking,True,False,,,,,,,,,,"=RIGHT(T713,2)",,True,True,True,True,True,
714,Undergraduate,2026-01-01 00:00:00,Searching,Looking,True,False,,,,,,,,,,"=RIGHT(T714,2)",,True,True,True,True,True,
715,Undergraduate,2026-01-01 00:00:00,Searching,Looking,True,False,,,,,,,,,,"=RIGHT(T715,2)",,True,True,True,False,False,
716,Undergraduate,2026-01-01 00:00:00,Searching,Looking,True,False,,,,,,,,,,"=RIGHT(T716,2)",,True,True,True,True,True,
717,Undergraduate,2026-05-01 00:00:00,Working,Working,True,True,Meta,Meta,Software Engineer,Software Engineer,,,,,Menlo Park. CA,CA,CA,True,True,True,False,False,
718,Undergraduate,2026-05-01 00:00:00,Working,Working,True,True,Fidelity,Fidelity Investments,Unknown,,,,,,,"=RIGHT(T718,2)",,True,False,True,True,False,working_missing_role;working_missing_state
719,Undergraduate,2025-09-01 00:00:00,Searching,Looking,True,False,,,,,,,,,,"=RIGHT(T719,2)",,True,True,True,True,False,
720,Undergraduate,2026-05-01 00:00:00,Searching,Looking,True,False,,,,,,,,,,"=RIGHT(T720,2)",,True,True,True,True,True,
721,MS,2026-01-01 00:00:00,Working,Working,True,True,Unknown,,Unknown,,,,,,,"=RIGHT(T721,2)",,True,False,True,False,False,working_missing_employer;working_missing_role;working_missing_state
722,MS,2026-01-01 00:00:00,Continuing Ed,Continuing Education,True,True,Aira Technologies,Aira Technologies,Machine Learning Engineer,Machine Learning Engineer,,,,,"Saratoga, CA",CA,CA,True,False,True,False,True,continuing_ed_missing_school
723,PhD,2026-05-01 00:00:00,Unknown,Unknown,False,False,LinkedIn,LinkedIn,,,,,,,,"=RIGHT(T723,2)",,False,False,True,True,False,
724,MS,2026-05-01 00:00:00,Working,Working,True,True,Flexcompute,Flexcompute,Computational Scientist,Computational Scientist,,,,,,"=RIGHT(T724,2)",,True,False,True,True,False,working_missing_state
725,MS,2026-01-01 00:00:00,Continuing Ed,Continuing Education,True,True,UMass Amherst IT,UMass Amherst IT,Software Engineer,Software Engineer,,,,,,"=RIGHT(T725,2)",,True,False,True,True,True,continuing_ed_missing_school
726,Undergraduate,2026-05-01 00:00:00,Unknown,Unknown,False,False,xAI,XAI,Software Engineer Intern,Software Engineer Intern,,,,,"Palo Alto, CA",CA,CA,True,False,True,True,True,
727,Undergraduate,2025-09-01 00:00:00,Working,Working,True,True,,,,,Umass,UMass Amherst,MSMS,MS,,"=RIGHT(T727,2)",,False,False,True,False,False,working_missing_employer;working_missing_role;working_missing_state
728,Undergraduate,2026-05-01 00:00:00,Searching,Looking,True,False,Nokia,Nokia,,,,,,,"Sunnyvale, CA",CA,CA,True,False,True,True,True,
729,MS,2026-05-01 00:00:00,Searching,Looking,True,False,,,,,University of Massachusetts Amherst,UMass Amherst,,,,"=RIGHT(T729,2)",,True,False,True,False,False,
730,MS,2026-05-01 00:00:00,Unknown,Unknown,False,False,,,,,UMass Amherst,UMass Amherst,,,,"=RIGHT(T730,2)",,False,False,True,True,True,
731,MS,2026-05-01 00:00:00,Searching,Looking,True,False,,,,,,,,,,"=RIGHT(T731,2)",,True,True,True,True,True,
732,MS,2026-05-01 00:00:00,Searching,Looking,True,False,Amazon,Amazon,Software Engineer Intern,Software Engineer Intern,,,,,,"=RIGHT(T732,2)",,True,False,True,True,False,
733,Undergraduate,2026-05-01 00:00:00,Searching,Looking,True,False,WHOOP,WHOOP,Software Engineer Intern,Software Engineer Intern,,,,,"Boston, MA",MA,MA,True,False,True,True,True,
734,Undergraduate,2026-05-01 00:00:00,Unknown,Unknown,False,False,Blueprint,Blueprint,Medicine's Commercial Quality Assurance,Medicine's Commercial Quality Assurance,,,,,,"=RIGHT(T734,2)",,True,False,True,True,True,
735,Undergraduate,2026-05-01 00:00:00,Searching,Looking,True,False,,,,,,,,,,"=RIGHT(T735,2)",,True,False,True,True,True,
736,Undergraduate,2026-05-01 00:00:00,Unknown,Unknown,False,False,,,,,,,,,,"=RIGHT(T736,2)",,True,False,True,True,True,
737,Undergraduate,2026-05-01 00:00:00,Unknown,Unknown,False,False,HIDIVE Lab (Harvard Medical School),HIDIVE Lab (Harvard Medical School),Research Intern,Research Intern,,,,,"Boston, MA",MA,MA,True,False,True,True,False,
738,Undergraduate,2026-05-01 00:00:00,Unknown,Unknown,False,False,CICS,CICS,Undergraduate Research Volunteer,Undergraduate Research Volunteer,,,,,"Boston, MA",MA,MA,True,False,True,True,False,
739,Undergraduate,2026-05-01 00:00:00,Unknown,Unknown,False,False,AMA,AMA,Ai develoepr,AI Develoepr,,,,,Remote,,,True,False,True,True,True,
740,Undergraduate,2026-05-01 00:00:00,Unknown,Unknown,False,False,,,,,,,,,,"=RIGHT(T740,2)",,True,False,True,True,False,
741,Undergraduate,2026-05-01 00:00:00,Unknown,Unknown,False,False,,,,,,,,,"McLean, Virginia",VA,VA,True,False,True,True,False,
742,MS,2026-01-01 00:00:00,Continuing Ed,Continuing Education,True,True,,,,,,,,,,"=RIGHT(T742,2)",,True,False,True,True,True,continuing_ed_missing_school
743,MS,2026-05-01 00:00:00,Unknown,Unknown,False,False,,,,,University of Massachusetts Amherst,UMass Amherst,,,,"=RIGHT(T743,2)",,True,True,True,False,False,
744,MS,2026-05-01 00:00:00,Unknown,Unknown,False,False,Prolaio,Prolaio,Data Scientist Intern,Data Scientist Intern,,,,,Remote,,,True,False,True,True,False,
745,MS,2026-01-01 00:00:00,Continuing Ed,Continuing Education,True,True,,,,,,,,,,"=RIGHT(T745,2)",,True,False,True,True,False,continuing_ed_missing_school
746,MS,2026-05-01 00:00:00,Searching,Looking,True,False,,,,,,,,,,"=RIGHT(T746,2)",,True,True,True,True,True,
747,MS,2026-05-01 00:00:00,Unknown,Unknown,False,False,Amazon,Amazon,Software Engineering Intern,Software Engineer Intern,,,,,East Palo Alto,CA,CA,True,False,True,True,True,
748,Undergraduate,2026-01-01 00:00:00,Unknown,Unknown,False,False,,,,,,,,,,"=RIGHT(T748,2)",,True,False,True,True,False,
749,MS,2026-05-01 00:00:00,Searching,Looking,True,False,,,,,,,,,,"=RIGHT(T749,2)",,True,False,True,False,False,
750,MS,2026-05-01 00:00:00,Searching,Looking,True,False,,,,,,,,,,"=RIGHT(T750,2)",,True,False,True,True,True,
751,MS,2026-05-01 00:00:00,Searching,Looking,True,False,,,,,,,,,,"=RIGHT(T751,2)",,True,False,True,True,True,
752,Undergraduate,2026-05-01 00:00:00,Unknown,Unknown,False,False,,,,,,,,,,"=RIGHT(T752,2)",,True,False,True,False,False,
753,MS,2026-05-01 00:00:00,Unknown,Unknown,False,False,,,,,"UMass, Amherst",UMass Amherst,,,,"=RIGHT(T753,2)",,False,False,True,False,False,
754,MS,2026-05-01 00:00:00,Searching,Looking,True,False,,,,,,,,,,"=RIGHT(T754,2)",,False,False,True,True,True,
755,MS,2026-05-01 00:00:00,Unknown,Unknown,False,False,,,,,"UMass, Amherst",UMass Amherst,,,,"=RIGHT(T755,2)",,True,False,True,False,False,
756,MS,2026-05-01 00:00:00,Searching,Looking,True,False,,,,,"UMass, Amherst",UMass Amherst,,,,"=RIGHT(T756,2)",,True,False,True,True,False,
757,MS,2026-05-01 00:00:00,Working,Working,True,True,Amazon Web Services,Amazon Web Services,Solutions Architect,Solutions Architect,,,,,"Seattle, WA",WA,WA,False,False,True,True,True,
758,MS,2026-05-01 00:00:00,Working,Working,True,True,,,Software Engineer,Software Engineer,,,,,"San Jose, CA",CA,CA,False,False,True,True,True,working_missing_employer
759,MS,2026-05-01 00:00:00,Unknown,Unknown,False,False,,,,,"UMass, Amherst",UMass Amherst,,,,"=RIGHT(T759,2)",,True,False,True,False,False,
760,Undergraduate,2026-05-01 00:00:00,Unknown,Unknown,False,False,,,,,,,,,,"=RIGHT(T760,2)",,True,False,True,False,False,
761,MS,2026-05-01 00:00:00,Unknown,Unknown,False,False,,,,,,,,,,"=RIGHT(T761,2)",,True,False,True,False,False,
762,MS,2026-05-01 00:00:00,Unknown,Unknown,False,False,,,,,,,,,,"=RIGHT(T762,2)",,False,False,True,False,False,
763,MS,2026-05-01 00:00:00,Working,Working,True,True,Palo Alto Networks,Palo Alto Networks,Staff Software Engineer,Staff Software Engineer,,,,,"Santa Clara, CA",CA,CA,False,False,True,True,True,
764,MS,2026-05-01 00:00:00,Working,Working,True,True,Dell Technologies,Dell Technologies,"Senior Analyst, Data Science","Senior Analyst, Data Science",,,,,"Austin, TX",TX,TX,False,False,True,True,True,
765,MS,2026-05-01 00:00:00,Unknown,Unknown,False,False,,,,,,,,,,"=RIGHT(T765,2)",,True,False,True,False,False,
766,MS,2026-05-01 00:00:00,Working,Working,True,True,Apple,Apple,Machine Learning Engineer,Machine Learning Engineer,,,,,"Cupertino, CA",CA,CA,False,False,True,True,True,
767,MS,2026-05-01 00:00:00,Unknown,Unknown,False,False,,,,,,,,,,"=RIGHT(T767,2)",,True,False,True,False,False,
768,MS,2026-05-01 00:00:00,Unknown,Unknown,False,False,,,,,,,,,,"=RIGHT(T768,2)",,True,True,True,True,False,
769,MS,2026-05-01 00:00:00,Working,Working,True,True,RiverMeadow - Workload Mobility Platform,RiverMeadow - Workload Mobility Platform,Machine Learning Engineer,Machine Learning Engineer,,,,,,"=RIGHT(T769,2)",,True,False,True,True,False,working_missing_state
770,MS,2026-05-01 00:00:00,Unknown,Unknown,False,False,,,,,,,,,,"=RIGHT(T770,2)",,True,True,True,True,False,
771,MS,2026-05-01 00:00:00,Unknown,Unknown,False,False,,,,,,,,,,"=RIGHT(T771,2)",,True,False,True,True,True,
772,MS,2026-05-01 00:00:00,Unknown,Unknown,False,False,,,,,,,,,,"=RIGHT(T772,2)",,False,False,True,False,False,
773,MS,2026-05-01 00:00:00,Searching,Looking,True,False,,,,,,,,,,"=RIGHT(T773,2)",,True,False,True,True,False,
774,MS,2026-05-01 00:00:00,Unknown,Unknown,False,False,,,,,,,,,,"=RIGHT(T774,2)",,True,False,True,True,True,
775,MS,2026-05-01 00:00:00,Unknown,Unknown,False,False,,,,,,,,,,"=RIGHT(T775,2)",,True,False,True,False,False,
776,PhD,2026-01-01 00:00:00,Searching,Looking,True,False,,,,,,,,,,"=RIGHT(T776,2)",,True,True,True,True,True,
777,MS,2026-05-01 00:00:00,Unknown,Unknown,False,False,,,,,,,,,,"=RIGHT(T777,2)",,True,False,True,True,True,
778,MS,2026-05-01 00:00:00,Unknown,Unknown,False,False,Expedia,Expedia,Intern,Intern,,,,,,"=RIGHT(T778,2)",,True,False,True,True,True,
779,Undergraduate,2026-05-01 00:00:00,Unknown,Unknown,False,False,,,,,,,,,,"=RIGHT(T779,2)",,True,False,True,False,False,
780,MS,2026-01-01 00:00:00,Not seeking,Not Seeking,True,False,,,,,,,,,,"=RIGHT(T780,2)",,True,True,True,False,False,
781,MS,2026-05-01 00:00:00,Searching,Looking,True,False,,,,,,,,,,"=RIGHT(T781,2)",,True,False,True,False,False,
782,MS,2026-05-01 00:00:00,Unknown,Unknown,False,False,,,,,UMass Amherst,UMass Amherst,,,,"=RIGHT(T782,2)",,True,False,True,False,False,
783,MS,2026-05-01 00:00:00,Searching,Looking,True,False,,,,,,,,,,"=RIGHT(T783,2)",,True,False,True,False,False,
784,MS,2026-05-01 00:00:00,Unknown,Unknown,False,False,,,,,UMass Amherst,UMass Amherst,,,,"=RIGHT(T784,2)",,True,False,True,True,False,
785,MS,2026-05-01 00:00:00,Unknown,Unknown,False,False,,,,,UMass Amherst,UMass Amherst,,,,"=RIGHT(T785,2)",,True,False,True,True,True,
786,Undergraduate,2026-05-01 00:00:00,Unknown,Unknown,False,False,Liberty Mutual,Liberty Mutual,Software Engineer Intern,Software Engineer Intern,,,,,,"=RIGHT(T786,2)",,True,False,True,True,True,
787,Undergraduate,2026-05-01 00:00:00,Working,Working,True,True,Ernst & Young,Ernst & Young,Technology Consultant,Technology Consultant,,,,,"Boston, MA",MA,MA,True,False,True,True,True,
788,Undergraduate,2026-05-01 00:00:00,Unknown,Unknown,False,False,NSF PAWR,NSF PAWR,Research Intern,Research Intern,,,,,Remote/Washington D.C,DC,DC,True,False,True,False,True,
789,Undergraduate,2025-09-01 00:00:00,Searching,Looking,True,False,,,,,,,,,,"=RIGHT(T789,2)",,True,True,True,True,True,
790,Undergraduate,2026-05-01 00:00:00,Unknown,Unknown,False,False,Fidelity Investments,Fidelity Investments,Software Engineering Intern,Software Engineer Intern,,,,,"Smithfield, RI",RI,RI,True,False,True,True,True,
791,Undergraduate,2026-05-01 00:00:00,Searching,Looking,True,False,,,,,,,,,,"=RIGHT(T791,2)",,True,False,True,True,False,
792,MS,2026-05-01 00:00:00,Continuing Ed,Continuing Education,True,True,,,,,Simon Fraser University,Simon Fraser University,,,,"=RIGHT(T792,2)",,True,False,True,False,False,
793,MS,2026-05-01 00:00:00,Unknown,Unknown,False,False,,,,,,,,,,"=RIGHT(T793,2)",,True,False,True,True,False,
794,Undergraduate,2026-05-01 00:00:00,Unknown,Unknown,False,False,Fidelity Investments,Fidelity Investments,Software Engineer Intern,Software Engineer Intern,,,,,"Merrimack, NH",NH,NH,True,True,True,False,False,
795,MS,2026-05-01 00:00:00,Searching,Looking,True,False,,,,,,,,,,"=RIGHT(T795,2)",,True,True,True,False,False,
796,Undergraduate,2026-05-01 00:00:00,Searching,Looking,True,False,Applied Medical,Applied Medical,,,,,,,,"=RIGHT(T796,2)",,True,False,True,True,False,
797,Undergraduate,2026-05-01 00:00:00,Unknown,Unknown,False,False,Mass General Brigham,Mass General Brigham,,,,,,,,"=RIGHT(T797,2)",,True,False,True,False,False,
798,Undergraduate,2026-05-01 00:00:00,Unknown,Unknown,False,False,PTC,PTC,,,,,,,,"=RIGHT(T798,2)",,True,False,True,True,True,
799,PhD,2026-05-01 00:00:00,Unknown,Unknown,False,False,Bose Corporation (MA),Bose Corporation (MA),,,,,,,,"=RIGHT(T799,2)",,False,False,True,True,False,
800,PhD,2026-05-01 00:00:00,Unknown,Unknown,False,False,Adobe,Adobe,,,,,,,,"=RIGHT(T800,2)",,False,False,True,True,True,
801,PhD,2026-05-01 00:00:00,Unknown,Unknown,False,False,Oracle,Oracle,,,,,,,,"=RIGHT(T801,2)",,False,False,True,True,False,
802,PhD,2026-05-01 00:00:00,Unknown,Unknown,False,False,SiriusXM,SiriusXM,,,,,,,,"=RIGHT(T802,2)",,False,False,True,False,False,
803,Undergraduate,2026-05-01 00:00:00,Unknown,Unknown,False,False,,,,,,,,,,"=RIGHT(T803,2)",,True,False,True,False,False,
804,Undergraduate,2026-05-01 00:00:00,Unknown,Unknown,False,False,,,,,,,,,,"=RIGHT(T804,2)",,True,False,True,False,False,
805,MS,2026-05-01 00:00:00,Working,Working,True,True,LumidHealth,LumidHealth,Co-Founder,Co-Founder,,,,,,"=RIGHT(T805,2)",,True,False,True,True,True,working_missing_state
806,MS,2026-05-01 00:00:00,Searching,Looking,True,False,,,,,,,,,,"=RIGHT(T806,2)",,True,True,True,True,False,
807,MS,2026-05-01 00:00:00,Unknown,Unknown,False,False,,,,,UMass Amherst,UMass Amherst,,,,"=RIGHT(T807,2)",,True,False,True,False,False,
808,PhD,2026-01-01 00:00:00,Continuing Ed,Continuing Education,True,True,Travelers,Travelers,,,,,,,,"=RIGHT(T808,2)",,True,False,True,False,False,continuing_ed_missing_school
809,MS,2026-05-01 00:00:00,Unknown,Unknown,False,False,,,,,UMass Amherst,UMass Amherst,,,,"=RIGHT(T809,2)",,True,False,True,True,False,
810,MS,2026-05-01 00:00:00,Searching,Looking,True,False,,,,,,,,,,"=RIGHT(T810,2)",,True,False,True,True,True,
811,MS,2026-05-01 00:00:00,Unknown,Unknown,False,False,,,,,UMass Amherst,UMass Amherst,,,,"=RIGHT(T811,2)",,True,False,True,True,False,
812,Undergraduate,2026-01-01 00:00:00,Continuing Ed,Continuing Education,True,True,,,,,UMass Amherst,UMass Amherst,MSMS,MS,,"=RIGHT(T812,2)",,False,False,True,False,False,
813,Undergraduate,2026-05-01 00:00:00,Unknown,Unknown,False,False,Empower,Empower,Software Engineering Intern,Software Engineer Intern,,,,,"Boston, MA",MA,MA,True,False,True,True,True,
814,MS,2026-05-01 00:00:00,Unknown,Unknown,False,False,,,,,Umass Amherst,UMass Amherst,,,,"=RIGHT(T814,2)",,True,True,True,False,False,
815,Undergraduate,2026-05-01 00:00:00,Unknown,Unknown,False,False,ConnectM Technology Solutions,ConnectM Technology Solutions,Software Engineer Intern,Software Engineer Intern,,,,,,"=RIGHT(T815,2)",,True,False,True,True,True,
816,Undergraduate,2026-01-01 00:00:00,Unknown,Unknown,False,False,,,,,,,,,,"=RIGHT(T816,2)",,True,False,True,False,False,
817,Undergraduate,2026-05-01 00:00:00,Searching,Looking,True,False,,,,,,,,,,"=RIGHT(T817,2)",,True,True,True,True,False,
818,Undergraduate,2026-05-01 00:00:00,Unknown,Unknown,False,False,,,,,,,,,,"=RIGHT(T818,2)",,True,False,True,True,True,
819,Undergraduate,2026-05-01 00:00:00,Searching,Looking,True,False,,,,,,,,,,"=RIGHT(T819,2)",,True,True,True,True,True,
820,PhD,2026-05-01 00:00:00,Unknown,Unknown,False,False,,,,,,,,,,"=RIGHT(T820,2)",,False,False,True,True,False,
821,Undergraduate,2026-05-01 00:00:00,Unknown,Unknown,False,False,,,,,,,,,,"=RIGHT(T821,2)",,True,False,True,True,True,
822,Undergraduate,2026-05-01 00:00:00,Unknown,Unknown,False,False,,,,,,,,,,"=RIGHT(T822,2)",,True,False,True,False,False,
823,Undergraduate,2026-05-01 00:00:00,Unknown,Unknown,False,False,,,,,,,,,,"=RIGHT(T823,2)",,True,True,True,False,False,
824,Undergraduate,2026-05-01 00:00:00,Unknown,Unknown,False,False,,,,,,,,,,"=RIGHT(T824,2)",,True,False,True,True,False,
825,Undergraduate,2026-05-01 00:00:00,Unknown,Unknown,False,False,,,,,,,,,,"=RIGHT(T825,2)",,True,False,True,False,False,
826,Undergraduate,2026-05-01 00:00:00,Unknown,Unknown,False,False,,,,,,,,,,"=RIGHT(T826,2)",,False,False,True,False,False,
827,Undergraduate,2026-05-01 00:00:00,Unknown,Unknown,False,False,,,,,,,,,,"=RIGHT(T827,2)",,True,False,True,True,False,
828,PhD,2026-05-01 00:00:00,Unknown,Unknown,False,False,,,,,,,,,,"=RIGHT(T828,2)",,False,False,True,False,False,
829,PhD,2026-05-01 00:00:00,Unknown,Unknown,False,False,IBM Research,IBM Research,Research Intern,Research Intern,,,,,"Cambridge, MA",MA,MA,False,False,True,True,True,
